file,line,type,commit,author,date,time,timezone,datetime,depth,length
style.css,1,css,37177a3f,Diego Osborn,2025-04-11,13:55:25,-07:00,2025-04-11T13:55:25-07:00,0,6
style.css,2,css,37177a3f,Diego Osborn,2025-04-11,13:55:25,-07:00,2025-04-11T13:55:25-07:00,0,32
style.css,3,css,388eef00,Diego Osborn,2025-04-18,14:57:24,-07:00,2025-04-18T14:57:24-07:00,0,40
style.css,4,css,37177a3f,Diego Osborn,2025-04-11,13:55:25,-07:00,2025-04-11T13:55:25-07:00,0,0
style.css,5,css,37177a3f,Diego Osborn,2025-04-11,13:55:25,-07:00,2025-04-11T13:55:25-07:00,0,0
style.css,6,css,37177a3f,Diego Osborn,2025-04-11,13:55:25,-07:00,2025-04-11T13:55:25-07:00,0,5
style.css,7,css,93d97741,Diego Osborn,2025-05-02,19:36:16,-07:00,2025-05-02T19:36:16-07:00,0,33
style.css,8,css,93d97741,Diego Osborn,2025-05-02,19:36:16,-07:00,2025-05-02T19:36:16-07:00,0,24
style.css,9,css,93d97741,Diego Osborn,2025-05-02,19:36:16,-07:00,2025-05-02T19:36:16-07:00,0,24
style.css,10,css,93d97741,Diego Osborn,2025-05-02,19:36:16,-07:00,2025-05-02T19:36:16-07:00,0,17
style.css,11,css,4dd63948,Diego Osborn,2025-04-18,16:10:31,-07:00,2025-04-18T16:10:31-07:00,0,0
style.css,12,css,93d97741,Diego Osborn,2025-05-02,19:36:16,-07:00,2025-05-02T19:36:16-07:00,0,35
style.css,13,css,93d97741,Diego Osborn,2025-05-02,19:36:16,-07:00,2025-05-02T19:36:16-07:00,0,34
style.css,14,css,37177a3f,Diego Osborn,2025-04-11,13:55:25,-07:00,2025-04-11T13:55:25-07:00,0,0
style.css,15,css,37177a3f,Diego Osborn,2025-04-11,13:55:25,-07:00,2025-04-11T13:55:25-07:00,0,0
style.css,16,css,5304e9bb,Diego Osborn,2025-04-04,20:52:51,-07:00,2025-04-04T20:52:51-07:00,0,5
style.css,17,css,93d97741,Diego Osborn,2025-05-02,19:36:16,-07:00,2025-05-02T19:36:16-07:00,0,48
style.css,18,css,93d97741,Diego Osborn,2025-05-02,19:36:16,-07:00,2025-05-02T19:36:16-07:00,0,47
style.css,19,css,93d97741,Diego Osborn,2025-05-02,19:36:16,-07:00,2025-05-02T19:36:16-07:00,0,24
style.css,20,css,93d97741,Diego Osborn,2025-05-02,19:36:16,-07:00,2025-05-02T19:36:16-07:00,0,45
style.css,21,css,93d97741,Diego Osborn,2025-05-02,19:36:16,-07:00,2025-05-02T19:36:16-07:00,0,16
style.css,22,css,93d97741,Diego Osborn,2025-05-02,19:36:16,-07:00,2025-05-02T19:36:16-07:00,0,11
style.css,23,css,93d97741,Diego Osborn,2025-05-02,19:36:16,-07:00,2025-05-02T19:36:16-07:00,0,16
style.css,24,css,93d97741,Diego Osborn,2025-05-02,19:36:16,-07:00,2025-05-02T19:36:16-07:00,0,43
style.css,25,css,93d97741,Diego Osborn,2025-05-02,19:36:16,-07:00,2025-05-02T19:36:16-07:00,0,17
style.css,26,css,9acccc71,Diego Osborn,2025-04-11,13:40:34,-07:00,2025-04-11T13:40:34-07:00,0,0
style.css,27,css,9acccc71,Diego Osborn,2025-04-11,13:40:34,-07:00,2025-04-11T13:40:34-07:00,0,0
style.css,28,css,7eb82a7c,Diego Osborn,2025-04-11,19:59:29,-07:00,2025-04-11T19:59:29-07:00,0,4
style.css,29,css,93d97741,Diego Osborn,2025-05-02,19:36:16,-07:00,2025-05-02T19:36:16-07:00,0,15
style.css,30,css,93d97741,Diego Osborn,2025-05-02,19:36:16,-07:00,2025-05-02T19:36:16-07:00,0,12
style.css,31,css,93d97741,Diego Osborn,2025-05-02,19:36:16,-07:00,2025-05-02T19:36:16-07:00,0,14
style.css,32,css,7eb82a7c,Diego Osborn,2025-04-11,19:59:29,-07:00,2025-04-11T19:59:29-07:00,0,0
style.css,33,css,7eb82a7c,Diego Osborn,2025-04-11,19:59:29,-07:00,2025-04-11T19:59:29-07:00,0,0
style.css,34,css,4dd63948,Diego Osborn,2025-04-18,16:10:31,-07:00,2025-04-18T16:10:31-07:00,0,12
style.css,35,css,93d97741,Diego Osborn,2025-05-02,19:36:16,-07:00,2025-05-02T19:36:16-07:00,0,16
style.css,36,css,93d97741,Diego Osborn,2025-05-02,19:36:16,-07:00,2025-05-02T19:36:16-07:00,0,12
style.css,37,css,93d97741,Diego Osborn,2025-05-02,19:36:16,-07:00,2025-05-02T19:36:16-07:00,0,18
style.css,38,css,93d97741,Diego Osborn,2025-05-02,19:36:16,-07:00,2025-05-02T19:36:16-07:00,0,14
style.css,39,css,4dd63948,Diego Osborn,2025-04-18,16:10:31,-07:00,2025-04-18T16:10:31-07:00,0,0
style.css,40,css,4dd63948,Diego Osborn,2025-04-18,16:10:31,-07:00,2025-04-18T16:10:31-07:00,0,0
style.css,41,css,9acccc71,Diego Osborn,2025-04-11,13:40:34,-07:00,2025-04-11T13:40:34-07:00,0,4
style.css,42,css,93d97741,Diego Osborn,2025-05-02,19:36:16,-07:00,2025-05-02T19:36:16-07:00,0,13
style.css,43,css,93d97741,Diego Osborn,2025-05-02,19:36:16,-07:00,2025-05-02T19:36:16-07:00,0,23
style.css,44,css,93d97741,Diego Osborn,2025-05-02,19:36:16,-07:00,2025-05-02T19:36:16-07:00,0,6
style.css,45,css,93d97741,Diego Osborn,2025-05-02,19:36:16,-07:00,2025-05-02T19:36:16-07:00,0,44
style.css,46,css,93d97741,Diego Osborn,2025-05-02,19:36:16,-07:00,2025-05-02T19:36:16-07:00,0,17
style.css,47,css,93d97741,Diego Osborn,2025-05-02,19:36:16,-07:00,2025-05-02T19:36:16-07:00,0,18
style.css,48,css,9acccc71,Diego Osborn,2025-04-11,13:40:34,-07:00,2025-04-11T13:40:34-07:00,0,0
style.css,49,css,9acccc71,Diego Osborn,2025-04-11,13:40:34,-07:00,2025-04-11T13:40:34-07:00,0,0
style.css,50,css,9acccc71,Diego Osborn,2025-04-11,13:40:34,-07:00,2025-04-11T13:40:34-07:00,0,6
style.css,51,css,93d97741,Diego Osborn,2025-05-02,19:36:16,-07:00,2025-05-02T19:36:16-07:00,0,17
style.css,52,css,93d97741,Diego Osborn,2025-05-02,19:36:16,-07:00,2025-05-02T19:36:16-07:00,0,16
style.css,53,css,93d97741,Diego Osborn,2025-05-02,19:36:16,-07:00,2025-05-02T19:36:16-07:00,0,18
style.css,54,css,93d97741,Diego Osborn,2025-05-02,19:36:16,-07:00,2025-05-02T19:36:16-07:00,0,21
style.css,55,css,93d97741,Diego Osborn,2025-05-02,19:36:16,-07:00,2025-05-02T19:36:16-07:00,0,14
style.css,56,css,93d97741,Diego Osborn,2025-05-02,19:36:16,-07:00,2025-05-02T19:36:16-07:00,0,38
style.css,57,css,93d97741,Diego Osborn,2025-05-02,19:36:16,-07:00,2025-05-02T19:36:16-07:00,0,34
style.css,58,css,93d97741,Diego Osborn,2025-05-02,19:36:16,-07:00,2025-05-02T19:36:16-07:00,0,9
style.css,59,css,93d97741,Diego Osborn,2025-05-02,19:36:16,-07:00,2025-05-02T19:36:16-07:00,0,21
style.css,60,css,9acccc71,Diego Osborn,2025-04-11,13:40:34,-07:00,2025-04-11T13:40:34-07:00,0,0
style.css,61,css,9acccc71,Diego Osborn,2025-04-11,13:40:34,-07:00,2025-04-11T13:40:34-07:00,0,0
style.css,62,css,37177a3f,Diego Osborn,2025-04-11,13:55:25,-07:00,2025-04-11T13:55:25-07:00,0,14
style.css,63,css,93d97741,Diego Osborn,2025-05-02,19:36:16,-07:00,2025-05-02T19:36:16-07:00,0,16
style.css,64,css,93d97741,Diego Osborn,2025-05-02,19:36:16,-07:00,2025-05-02T19:36:16-07:00,0,33
style.css,65,css,a84f573f,Diego Osborn,2025-04-11,13:30:57,-07:00,2025-04-11T13:30:57-07:00,0,0
style.css,66,css,e7da4b16,Diego Osborn,2025-04-04,21:35:50,-07:00,2025-04-04T21:35:50-07:00,0,0
style.css,67,css,37177a3f,Diego Osborn,2025-04-11,13:55:25,-07:00,2025-04-11T13:55:25-07:00,0,12
style.css,68,css,93d97741,Diego Osborn,2025-05-02,19:36:16,-07:00,2025-05-02T19:36:16-07:00,0,33
style.css,69,css,93d97741,Diego Osborn,2025-05-02,19:36:16,-07:00,2025-05-02T19:36:16-07:00,0,70
style.css,70,css,f179a574,Diego Osborn,2025-04-11,13:49:14,-07:00,2025-04-11T13:49:14-07:00,0,0
style.css,71,css,bab2aa57,Diego Osborn,2025-04-11,13:58:55,-07:00,2025-04-11T13:58:55-07:00,0,0
style.css,72,css,bab2aa57,Diego Osborn,2025-04-11,13:58:55,-07:00,2025-04-11T13:58:55-07:00,0,5
style.css,73,css,93d97741,Diego Osborn,2025-05-02,19:36:16,-07:00,2025-05-02T19:36:16-07:00,0,13
style.css,74,css,93d97741,Diego Osborn,2025-05-02,19:36:16,-07:00,2025-05-02T19:36:16-07:00,0,31
style.css,75,css,93d97741,Diego Osborn,2025-05-02,19:36:16,-07:00,2025-05-02T19:36:16-07:00,0,8
style.css,76,css,bab2aa57,Diego Osborn,2025-04-11,13:58:55,-07:00,2025-04-11T13:58:55-07:00,0,0
style.css,77,css,bab2aa57,Diego Osborn,2025-04-11,13:58:55,-07:00,2025-04-11T13:58:55-07:00,0,0
style.css,78,css,a8afe68d,Diego Osborn,2025-04-11,14:26:21,-07:00,2025-04-11T14:26:21-07:00,0,6
style.css,79,css,93d97741,Diego Osborn,2025-05-02,19:36:16,-07:00,2025-05-02T19:36:16-07:00,0,13
style.css,80,css,93d97741,Diego Osborn,2025-05-02,19:36:16,-07:00,2025-05-02T19:36:16-07:00,0,30
style.css,81,css,93d97741,Diego Osborn,2025-05-02,19:36:16,-07:00,2025-05-02T19:36:16-07:00,0,19
style.css,82,css,93d97741,Diego Osborn,2025-05-02,19:36:16,-07:00,2025-05-02T19:36:16-07:00,0,19
style.css,83,css,bab2aa57,Diego Osborn,2025-04-11,13:58:55,-07:00,2025-04-11T13:58:55-07:00,0,0
style.css,84,css,bab2aa57,Diego Osborn,2025-04-11,13:58:55,-07:00,2025-04-11T13:58:55-07:00,0,0
style.css,85,css,a8afe68d,Diego Osborn,2025-04-11,14:26:21,-07:00,2025-04-11T14:26:21-07:00,0,5
style.css,86,css,3d4c1094,Diego Osborn,2025-04-11,19:47:08,-07:00,2025-04-11T19:47:08-07:00,0,8
style.css,87,css,4dd63948,Diego Osborn,2025-04-18,16:10:31,-07:00,2025-04-18T16:10:31-07:00,0,6
style.css,88,css,4dd63948,Diego Osborn,2025-04-18,16:10:31,-07:00,2025-04-18T16:10:31-07:00,0,7
style.css,89,css,93d97741,Diego Osborn,2025-05-02,19:36:16,-07:00,2025-05-02T19:36:16-07:00,0,13
style.css,90,css,93d97741,Diego Osborn,2025-05-02,19:36:16,-07:00,2025-05-02T19:36:16-07:00,0,15
style.css,91,css,bab2aa57,Diego Osborn,2025-04-11,13:58:55,-07:00,2025-04-11T13:58:55-07:00,0,0
style.css,92,css,bab2aa57,Diego Osborn,2025-04-11,13:58:55,-07:00,2025-04-11T13:58:55-07:00,0,0
style.css,93,css,a8afe68d,Diego Osborn,2025-04-11,14:26:21,-07:00,2025-04-11T14:26:21-07:00,0,7
style.css,94,css,93d97741,Diego Osborn,2025-05-02,19:36:16,-07:00,2025-05-02T19:36:16-07:00,0,19
style.css,95,css,93d97741,Diego Osborn,2025-05-02,19:36:16,-07:00,2025-05-02T19:36:16-07:00,0,37
style.css,96,css,93d97741,Diego Osborn,2025-05-02,19:36:16,-07:00,2025-05-02T19:36:16-07:00,0,12
style.css,97,css,93d97741,Diego Osborn,2025-05-02,19:36:16,-07:00,2025-05-02T19:36:16-07:00,0,21
style.css,98,css,93d97741,Diego Osborn,2025-05-02,19:36:16,-07:00,2025-05-02T19:36:16-07:00,0,21
style.css,99,css,93d97741,Diego Osborn,2025-05-02,19:36:16,-07:00,2025-05-02T19:36:16-07:00,0,12
style.css,100,css,93d97741,Diego Osborn,2025-05-02,19:36:16,-07:00,2025-05-02T19:36:16-07:00,0,21
style.css,101,css,93d97741,Diego Osborn,2025-05-02,19:36:16,-07:00,2025-05-02T19:36:16-07:00,0,15
style.css,102,css,93d97741,Diego Osborn,2025-05-02,19:36:16,-07:00,2025-05-02T19:36:16-07:00,0,13
style.css,103,css,93d97741,Diego Osborn,2025-05-02,19:36:16,-07:00,2025-05-02T19:36:16-07:00,0,17
style.css,104,css,93d97741,Diego Osborn,2025-05-02,19:36:16,-07:00,2025-05-02T19:36:16-07:00,0,18
style.css,105,css,93d97741,Diego Osborn,2025-05-02,19:36:16,-07:00,2025-05-02T19:36:16-07:00,0,18
style.css,106,css,3d4c1094,Diego Osborn,2025-04-11,19:47:08,-07:00,2025-04-11T19:47:08-07:00,0,0
style.css,107,css,3d4c1094,Diego Osborn,2025-04-11,19:47:08,-07:00,2025-04-11T19:47:08-07:00,0,0
style.css,108,css,3d4c1094,Diego Osborn,2025-04-11,19:47:08,-07:00,2025-04-11T19:47:08-07:00,0,13
style.css,109,css,93d97741,Diego Osborn,2025-05-02,19:36:16,-07:00,2025-05-02T19:36:16-07:00,0,12
style.css,110,css,bab2aa57,Diego Osborn,2025-04-11,13:58:55,-07:00,2025-04-11T13:58:55-07:00,0,0
style.css,111,css,a8afe68d,Diego Osborn,2025-04-11,14:26:21,-07:00,2025-04-11T14:26:21-07:00,0,0
style.css,112,css,a8afe68d,Diego Osborn,2025-04-11,14:26:21,-07:00,2025-04-11T14:26:21-07:00,0,13
style.css,113,css,93d97741,Diego Osborn,2025-05-02,19:36:16,-07:00,2025-05-02T19:36:16-07:00,0,37
style.css,114,css,93d97741,Diego Osborn,2025-05-02,19:36:16,-07:00,2025-05-02T19:36:16-07:00,0,12
style.css,115,css,93d97741,Diego Osborn,2025-05-02,19:36:16,-07:00,2025-05-02T19:36:16-07:00,0,15
style.css,116,css,a8afe68d,Diego Osborn,2025-04-11,14:26:21,-07:00,2025-04-11T14:26:21-07:00,0,0
style.css,117,css,e49b21c2,Diego Osborn,2025-04-11,15:36:17,-07:00,2025-04-11T15:36:17-07:00,0,0
style.css,118,css,4dd63948,Diego Osborn,2025-04-18,16:10:31,-07:00,2025-04-18T16:10:31-07:00,0,19
style.css,119,css,93d97741,Diego Osborn,2025-05-02,19:36:16,-07:00,2025-05-02T19:36:16-07:00,0,18
style.css,120,css,93d97741,Diego Osborn,2025-05-02,19:36:16,-07:00,2025-05-02T19:36:16-07:00,0,9
style.css,121,css,93d97741,Diego Osborn,2025-05-02,19:36:16,-07:00,2025-05-02T19:36:16-07:00,0,11
style.css,122,css,93d97741,Diego Osborn,2025-05-02,19:36:16,-07:00,2025-05-02T19:36:16-07:00,0,17
style.css,123,css,93d97741,Diego Osborn,2025-05-02,19:36:16,-07:00,2025-05-02T19:36:16-07:00,0,20
style.css,124,css,93d97741,Diego Osborn,2025-05-02,19:36:16,-07:00,2025-05-02T19:36:16-07:00,0,13
style.css,125,css,93d97741,Diego Osborn,2025-05-02,19:36:16,-07:00,2025-05-02T19:36:16-07:00,0,19
style.css,126,css,93d97741,Diego Osborn,2025-05-02,19:36:16,-07:00,2025-05-02T19:36:16-07:00,0,11
style.css,127,css,93d97741,Diego Osborn,2025-05-02,19:36:16,-07:00,2025-05-02T19:36:16-07:00,0,19
style.css,128,css,93d97741,Diego Osborn,2025-05-02,19:36:16,-07:00,2025-05-02T19:36:16-07:00,0,16
style.css,129,css,93d97741,Diego Osborn,2025-05-02,19:36:16,-07:00,2025-05-02T19:36:16-07:00,0,14
style.css,130,css,93d97741,Diego Osborn,2025-05-02,19:36:16,-07:00,2025-05-02T19:36:16-07:00,0,13
style.css,131,css,4dd63948,Diego Osborn,2025-04-18,16:10:31,-07:00,2025-04-18T16:10:31-07:00,0,0
style.css,132,css,4dd63948,Diego Osborn,2025-04-18,16:10:31,-07:00,2025-04-18T16:10:31-07:00,0,0
style.css,133,css,4dd63948,Diego Osborn,2025-04-18,16:10:31,-07:00,2025-04-18T16:10:31-07:00,0,26
style.css,134,css,93d97741,Diego Osborn,2025-05-02,19:36:16,-07:00,2025-05-02T19:36:16-07:00,0,16
style.css,135,css,93d97741,Diego Osborn,2025-05-02,19:36:16,-07:00,2025-05-02T19:36:16-07:00,0,14
style.css,136,css,93d97741,Diego Osborn,2025-05-02,19:36:16,-07:00,2025-05-02T19:36:16-07:00,0,12
style.css,137,css,93d97741,Diego Osborn,2025-05-02,19:36:16,-07:00,2025-05-02T19:36:16-07:00,0,37
style.css,138,css,93d97741,Diego Osborn,2025-05-02,19:36:16,-07:00,2025-05-02T19:36:16-07:00,0,17
style.css,139,css,93d97741,Diego Osborn,2025-05-02,19:36:16,-07:00,2025-05-02T19:36:16-07:00,0,16
style.css,140,css,93d97741,Diego Osborn,2025-05-02,19:36:16,-07:00,2025-05-02T19:36:16-07:00,0,15
style.css,141,css,93d97741,Diego Osborn,2025-05-02,19:36:16,-07:00,2025-05-02T19:36:16-07:00,0,11
style.css,142,css,4dd63948,Diego Osborn,2025-04-18,16:10:31,-07:00,2025-04-18T16:10:31-07:00,0,0
style.css,143,css,4dd63948,Diego Osborn,2025-04-18,16:10:31,-07:00,2025-04-18T16:10:31-07:00,0,0
style.css,144,css,4dd63948,Diego Osborn,2025-04-18,16:10:31,-07:00,2025-04-18T16:10:31-07:00,0,32
style.css,145,css,93d97741,Diego Osborn,2025-05-02,19:36:16,-07:00,2025-05-02T19:36:16-07:00,0,13
style.css,146,css,93d97741,Diego Osborn,2025-05-02,19:36:16,-07:00,2025-05-02T19:36:16-07:00,0,33
style.css,147,css,4dd63948,Diego Osborn,2025-04-18,16:10:31,-07:00,2025-04-18T16:10:31-07:00,0,0
style.css,148,css,4dd63948,Diego Osborn,2025-04-18,16:10:31,-07:00,2025-04-18T16:10:31-07:00,0,0
style.css,149,css,e49b21c2,Diego Osborn,2025-04-11,15:36:17,-07:00,2025-04-11T15:36:17-07:00,0,10
style.css,150,css,e49b21c2,Diego Osborn,2025-04-11,15:36:17,-07:00,2025-04-11T15:36:17-07:00,0,13
style.css,151,css,93d97741,Diego Osborn,2025-05-02,19:36:16,-07:00,2025-05-02T19:36:16-07:00,0,59
style.css,152,css,93d97741,Diego Osborn,2025-05-02,19:36:16,-07:00,2025-05-02T19:36:16-07:00,0,8
style.css,153,css,93d97741,Diego Osborn,2025-05-02,19:36:16,-07:00,2025-05-02T19:36:16-07:00,0,15
style.css,154,css,e49b21c2,Diego Osborn,2025-04-11,15:36:17,-07:00,2025-04-11T15:36:17-07:00,0,0
style.css,155,css,e49b21c2,Diego Osborn,2025-04-11,15:36:17,-07:00,2025-04-11T15:36:17-07:00,0,0
style.css,156,css,e49b21c2,Diego Osborn,2025-04-11,15:36:17,-07:00,2025-04-11T15:36:17-07:00,0,18
style.css,157,css,93d97741,Diego Osborn,2025-05-02,19:36:16,-07:00,2025-05-02T19:36:16-07:00,0,60
style.css,158,css,93d97741,Diego Osborn,2025-05-02,19:36:16,-07:00,2025-05-02T19:36:16-07:00,0,20
style.css,159,css,93d97741,Diego Osborn,2025-05-02,19:36:16,-07:00,2025-05-02T19:36:16-07:00,0,15
style.css,160,css,93d97741,Diego Osborn,2025-05-02,19:36:16,-07:00,2025-05-02T19:36:16-07:00,0,13
style.css,161,css,93d97741,Diego Osborn,2025-05-02,19:36:16,-07:00,2025-05-02T19:36:16-07:00,0,22
style.css,162,css,93d97741,Diego Osborn,2025-05-02,19:36:16,-07:00,2025-05-02T19:36:16-07:00,0,11
style.css,163,css,93d97741,Diego Osborn,2025-05-02,19:36:16,-07:00,2025-05-02T19:36:16-07:00,0,44
style.css,164,css,93d97741,Diego Osborn,2025-05-02,19:36:16,-07:00,2025-05-02T19:36:16-07:00,0,32
style.css,165,css,93d97741,Diego Osborn,2025-05-02,19:36:16,-07:00,2025-05-02T19:36:16-07:00,0,0
style.css,166,css,93d97741,Diego Osborn,2025-05-02,19:36:16,-07:00,2025-05-02T19:36:16-07:00,0,0
style.css,167,css,93d97741,Diego Osborn,2025-05-02,19:36:16,-07:00,2025-05-02T19:36:16-07:00,0,24
style.css,168,css,93d97741,Diego Osborn,2025-05-02,19:36:16,-07:00,2025-05-02T19:36:16-07:00,0,27
style.css,169,css,93d97741,Diego Osborn,2025-05-02,19:36:16,-07:00,2025-05-02T19:36:16-07:00,0,0
style.css,170,css,93d97741,Diego Osborn,2025-05-02,19:36:16,-07:00,2025-05-02T19:36:16-07:00,0,0
style.css,171,css,93d97741,Diego Osborn,2025-05-02,19:36:16,-07:00,2025-05-02T19:36:16-07:00,0,22
style.css,172,css,93d97741,Diego Osborn,2025-05-02,19:36:16,-07:00,2025-05-02T19:36:16-07:00,0,21
style.css,173,css,93d97741,Diego Osborn,2025-05-02,19:36:16,-07:00,2025-05-02T19:36:16-07:00,0,17
style.css,174,css,93d97741,Diego Osborn,2025-05-02,19:36:16,-07:00,2025-05-02T19:36:16-07:00,0,11
style.css,175,css,93d97741,Diego Osborn,2025-05-02,19:36:16,-07:00,2025-05-02T19:36:16-07:00,0,12
style.css,176,css,93d97741,Diego Osborn,2025-05-02,19:36:16,-07:00,2025-05-02T19:36:16-07:00,0,17
style.css,177,css,93d97741,Diego Osborn,2025-05-02,19:36:16,-07:00,2025-05-02T19:36:16-07:00,0,0
style.css,178,css,93d97741,Diego Osborn,2025-05-02,19:36:16,-07:00,2025-05-02T19:36:16-07:00,0,0
style.css,179,css,93d97741,Diego Osborn,2025-05-02,19:36:16,-07:00,2025-05-02T19:36:16-07:00,0,24
style.css,180,css,93d97741,Diego Osborn,2025-05-02,19:36:16,-07:00,2025-05-02T19:36:16-07:00,0,18
style.css,181,css,93d97741,Diego Osborn,2025-05-02,19:36:16,-07:00,2025-05-02T19:36:16-07:00,0,26
style.css,182,css,e49b21c2,Diego Osborn,2025-04-11,15:36:17,-07:00,2025-04-11T15:36:17-07:00,0,0
style.css,183,css,e49b21c2,Diego Osborn,2025-04-11,15:36:17,-07:00,2025-04-11T15:36:17-07:00,0,0
style.css,184,css,e49b21c2,Diego Osborn,2025-04-11,15:36:17,-07:00,2025-04-11T15:36:17-07:00,0,21
style.css,185,css,93d97741,Diego Osborn,2025-05-02,19:36:16,-07:00,2025-05-02T19:36:16-07:00,0,9
style.css,186,css,e49b21c2,Diego Osborn,2025-04-11,15:36:17,-07:00,2025-04-11T15:36:17-07:00,0,0
style.css,187,css,e49b21c2,Diego Osborn,2025-04-11,15:36:17,-07:00,2025-04-11T15:36:17-07:00,0,0
style.css,188,css,5a0630c8,Diego Osborn,2025-04-26,11:25:28,-07:00,2025-04-26T11:25:28-07:00,0,18
style.css,189,css,93d97741,Diego Osborn,2025-05-02,19:36:16,-07:00,2025-05-02T19:36:16-07:00,0,13
style.css,190,css,93d97741,Diego Osborn,2025-05-02,19:36:16,-07:00,2025-05-02T19:36:16-07:00,0,37
style.css,191,css,93d97741,Diego Osborn,2025-05-02,19:36:16,-07:00,2025-05-02T19:36:16-07:00,0,18
style.css,192,css,93d97741,Diego Osborn,2025-05-02,19:36:16,-07:00,2025-05-02T19:36:16-07:00,0,9
style.css,193,css,93d97741,Diego Osborn,2025-05-02,19:36:16,-07:00,2025-05-02T19:36:16-07:00,0,16
style.css,194,css,5a0630c8,Diego Osborn,2025-04-26,11:25:28,-07:00,2025-04-26T11:25:28-07:00,0,0
style.css,195,css,5a0630c8,Diego Osborn,2025-04-26,11:25:28,-07:00,2025-04-26T11:25:28-07:00,0,0
style.css,196,css,5a0630c8,Diego Osborn,2025-04-26,11:25:28,-07:00,2025-04-26T11:25:28-07:00,0,18
style.css,197,css,93d97741,Diego Osborn,2025-05-02,19:36:16,-07:00,2025-05-02T19:36:16-07:00,0,17
style.css,198,css,93d97741,Diego Osborn,2025-05-02,19:36:16,-07:00,2025-05-02T19:36:16-07:00,0,17
style.css,199,css,93d97741,Diego Osborn,2025-05-02,19:36:16,-07:00,2025-05-02T19:36:16-07:00,0,25
style.css,200,css,93d97741,Diego Osborn,2025-05-02,19:36:16,-07:00,2025-05-02T19:36:16-07:00,0,11
style.css,201,css,93d97741,Diego Osborn,2025-05-02,19:36:16,-07:00,2025-05-02T19:36:16-07:00,0,11
style.css,202,css,5a0630c8,Diego Osborn,2025-04-26,11:25:28,-07:00,2025-04-26T11:25:28-07:00,0,0
style.css,203,css,5a0630c8,Diego Osborn,2025-04-26,11:25:28,-07:00,2025-04-26T11:25:28-07:00,0,0
style.css,204,css,5a0630c8,Diego Osborn,2025-04-26,11:25:28,-07:00,2025-04-26T11:25:28-07:00,0,18
style.css,205,css,93d97741,Diego Osborn,2025-05-02,19:36:16,-07:00,2025-05-02T19:36:16-07:00,0,15
style.css,206,css,93d97741,Diego Osborn,2025-05-02,19:36:16,-07:00,2025-05-02T19:36:16-07:00,0,9
style.css,207,css,93d97741,Diego Osborn,2025-05-02,19:36:16,-07:00,2025-05-02T19:36:16-07:00,0,17
style.css,208,css,93d97741,Diego Osborn,2025-05-02,19:36:16,-07:00,2025-05-02T19:36:16-07:00,0,11
style.css,209,css,93d97741,Diego Osborn,2025-05-02,19:36:16,-07:00,2025-05-02T19:36:16-07:00,0,0
style.css,210,css,93d97741,Diego Osborn,2025-05-02,19:36:16,-07:00,2025-05-02T19:36:16-07:00,0,0
style.css,211,css,93d97741,Diego Osborn,2025-05-02,19:36:16,-07:00,2025-05-02T19:36:16-07:00,0,11
style.css,212,css,93d97741,Diego Osborn,2025-05-02,19:36:16,-07:00,2025-05-02T19:36:16-07:00,0,13
style.css,213,css,93d97741,Diego Osborn,2025-05-02,19:36:16,-07:00,2025-05-02T19:36:16-07:00,0,17
style.css,214,css,93d97741,Diego Osborn,2025-05-02,19:36:16,-07:00,2025-05-02T19:36:16-07:00,0,8
style.css,215,css,93d97741,Diego Osborn,2025-05-02,19:36:16,-07:00,2025-05-02T19:36:16-07:00,0,19
style.css,216,css,93d97741,Diego Osborn,2025-05-02,19:36:16,-07:00,2025-05-02T19:36:16-07:00,0,27
style.css,217,css,93d97741,Diego Osborn,2025-05-02,19:36:16,-07:00,2025-05-02T19:36:16-07:00,0,16
style.css,218,css,93d97741,Diego Osborn,2025-05-02,19:36:16,-07:00,2025-05-02T19:36:16-07:00,0,19
style.css,219,css,93d97741,Diego Osborn,2025-05-02,19:36:16,-07:00,2025-05-02T19:36:16-07:00,0,17
style.css,220,css,93d97741,Diego Osborn,2025-05-02,19:36:16,-07:00,2025-05-02T19:36:16-07:00,0,20
style.css,221,css,93d97741,Diego Osborn,2025-05-02,19:36:16,-07:00,2025-05-02T19:36:16-07:00,0,0
style.css,222,css,93d97741,Diego Osborn,2025-05-02,19:36:16,-07:00,2025-05-02T19:36:16-07:00,0,0
style.css,223,css,93d97741,Diego Osborn,2025-05-02,19:36:16,-07:00,2025-05-02T19:36:16-07:00,0,15
style.css,224,css,93d97741,Diego Osborn,2025-05-02,19:36:16,-07:00,2025-05-02T19:36:16-07:00,0,11
style.css,225,css,93d97741,Diego Osborn,2025-05-02,19:36:16,-07:00,2025-05-02T19:36:16-07:00,0,15
style.css,226,css,93d97741,Diego Osborn,2025-05-02,19:36:16,-07:00,2025-05-02T19:36:16-07:00,0,14
style.css,227,css,93d97741,Diego Osborn,2025-05-02,19:36:16,-07:00,2025-05-02T19:36:16-07:00,0,12
style.css,228,css,93d97741,Diego Osborn,2025-05-02,19:36:16,-07:00,2025-05-02T19:36:16-07:00,0,19
style.css,229,css,93d97741,Diego Osborn,2025-05-02,19:36:16,-07:00,2025-05-02T19:36:16-07:00,0,14
style.css,230,css,93d97741,Diego Osborn,2025-05-02,19:36:16,-07:00,2025-05-02T19:36:16-07:00,0,0
style.css,231,css,93d97741,Diego Osborn,2025-05-02,19:36:16,-07:00,2025-05-02T19:36:16-07:00,0,0
style.css,232,css,93d97741,Diego Osborn,2025-05-02,19:36:16,-07:00,2025-05-02T19:36:16-07:00,0,8
style.css,233,css,93d97741,Diego Osborn,2025-05-02,19:36:16,-07:00,2025-05-02T19:36:16-07:00,0,13
style.css,234,css,93d97741,Diego Osborn,2025-05-02,19:36:16,-07:00,2025-05-02T19:36:16-07:00,0,58
style.css,235,css,93d97741,Diego Osborn,2025-05-02,19:36:16,-07:00,2025-05-02T19:36:16-07:00,0,14
style.css,236,css,93d97741,Diego Osborn,2025-05-02,19:36:16,-07:00,2025-05-02T19:36:16-07:00,0,12
style.css,237,css,93d97741,Diego Osborn,2025-05-02,19:36:16,-07:00,2025-05-02T19:36:16-07:00,0,37
style.css,238,css,93d97741,Diego Osborn,2025-05-02,19:36:16,-07:00,2025-05-02T19:36:16-07:00,0,20
style.css,239,css,93d97741,Diego Osborn,2025-05-02,19:36:16,-07:00,2025-05-02T19:36:16-07:00,0,14
style.css,240,css,93d97741,Diego Osborn,2025-05-02,19:36:16,-07:00,2025-05-02T19:36:16-07:00,0,15
style.css,241,css,93d97741,Diego Osborn,2025-05-02,19:36:16,-07:00,2025-05-02T19:36:16-07:00,0,15
style.css,242,css,93d97741,Diego Osborn,2025-05-02,19:36:16,-07:00,2025-05-02T19:36:16-07:00,0,22
style.css,243,css,93d97741,Diego Osborn,2025-05-02,19:36:16,-07:00,2025-05-02T19:36:16-07:00,0,0
style.css,244,css,93d97741,Diego Osborn,2025-05-02,19:36:16,-07:00,2025-05-02T19:36:16-07:00,0,0
style.css,245,css,93d97741,Diego Osborn,2025-05-02,19:36:16,-07:00,2025-05-02T19:36:16-07:00,0,13
style.css,246,css,93d97741,Diego Osborn,2025-05-02,19:36:16,-07:00,2025-05-02T19:36:16-07:00,0,13
style.css,247,css,93d97741,Diego Osborn,2025-05-02,19:36:16,-07:00,2025-05-02T19:36:16-07:00,0,19
style.css,248,css,93d97741,Diego Osborn,2025-05-02,19:36:16,-07:00,2025-05-02T19:36:16-07:00,0,10
style.css,249,css,93d97741,Diego Osborn,2025-05-02,19:36:16,-07:00,2025-05-02T19:36:16-07:00,0,17
style.css,250,css,93d97741,Diego Osborn,2025-05-02,19:36:16,-07:00,2025-05-02T19:36:16-07:00,0,0
style.css,251,css,93d97741,Diego Osborn,2025-05-02,19:36:16,-07:00,2025-05-02T19:36:16-07:00,0,0
style.css,252,css,93d97741,Diego Osborn,2025-05-02,19:36:16,-07:00,2025-05-02T19:36:16-07:00,0,21
style.css,253,css,93d97741,Diego Osborn,2025-05-02,19:36:16,-07:00,2025-05-02T19:36:16-07:00,0,10
style.css,254,css,93d97741,Diego Osborn,2025-05-02,19:36:16,-07:00,2025-05-02T19:36:16-07:00,0,19
style.css,255,css,93d97741,Diego Osborn,2025-05-02,19:36:16,-07:00,2025-05-02T19:36:16-07:00,0,30
style.css,256,css,93d97741,Diego Osborn,2025-05-02,19:36:16,-07:00,2025-05-02T19:36:16-07:00,0,18
style.css,257,css,93d97741,Diego Osborn,2025-05-02,19:36:16,-07:00,2025-05-02T19:36:16-07:00,0,21
style.css,258,css,93d97741,Diego Osborn,2025-05-02,19:36:16,-07:00,2025-05-02T19:36:16-07:00,0,0
style.css,259,css,93d97741,Diego Osborn,2025-05-02,19:36:16,-07:00,2025-05-02T19:36:16-07:00,0,0
style.css,260,css,93d97741,Diego Osborn,2025-05-02,19:36:16,-07:00,2025-05-02T19:36:16-07:00,0,41
style.css,261,css,93d97741,Diego Osborn,2025-05-02,19:36:16,-07:00,2025-05-02T19:36:16-07:00,0,24
style.css,262,css,93d97741,Diego Osborn,2025-05-02,19:36:16,-07:00,2025-05-02T19:36:16-07:00,0,52
style.css,263,css,93d97741,Diego Osborn,2025-05-02,19:36:16,-07:00,2025-05-02T19:36:16-07:00,0,15
style.css,264,css,93d97741,Diego Osborn,2025-05-02,19:36:16,-07:00,2025-05-02T19:36:16-07:00,0,0
style.css,265,css,93d97741,Diego Osborn,2025-05-02,19:36:16,-07:00,2025-05-02T19:36:16-07:00,0,0
style.css,266,css,93d97741,Diego Osborn,2025-05-02,19:36:16,-07:00,2025-05-02T19:36:16-07:00,0,42
style.css,267,css,93d97741,Diego Osborn,2025-05-02,19:36:16,-07:00,2025-05-02T19:36:16-07:00,0,37
style.css,268,css,93d97741,Diego Osborn,2025-05-02,19:36:16,-07:00,2025-05-02T19:36:16-07:00,0,12
style.css,269,css,93d97741,Diego Osborn,2025-05-02,19:36:16,-07:00,2025-05-02T19:36:16-07:00,0,0
style.css,270,css,93d97741,Diego Osborn,2025-05-02,19:36:16,-07:00,2025-05-02T19:36:16-07:00,0,0
style.css,271,css,93d97741,Diego Osborn,2025-05-02,19:36:16,-07:00,2025-05-02T19:36:16-07:00,0,35
style.css,272,css,93d97741,Diego Osborn,2025-05-02,19:36:16,-07:00,2025-05-02T19:36:16-07:00,0,30
style.css,273,css,93d97741,Diego Osborn,2025-05-02,19:36:16,-07:00,2025-05-02T19:36:16-07:00,0,22
style.css,274,css,93d97741,Diego Osborn,2025-05-02,19:36:16,-07:00,2025-05-02T19:36:16-07:00,0,0
style.css,275,css,93d97741,Diego Osborn,2025-05-02,19:36:16,-07:00,2025-05-02T19:36:16-07:00,0,0
style.css,276,css,93d97741,Diego Osborn,2025-05-02,19:36:16,-07:00,2025-05-02T19:36:16-07:00,0,5
style.css,277,css,93d97741,Diego Osborn,2025-05-02,19:36:16,-07:00,2025-05-02T19:36:16-07:00,0,15
style.css,278,css,93d97741,Diego Osborn,2025-05-02,19:36:16,-07:00,2025-05-02T19:36:16-07:00,0,0
style.css,279,css,93d97741,Diego Osborn,2025-05-02,19:36:16,-07:00,2025-05-02T19:36:16-07:00,0,0
style.css,280,css,93d97741,Diego Osborn,2025-05-02,19:36:16,-07:00,2025-05-02T19:36:16-07:00,0,10
style.css,281,css,93d97741,Diego Osborn,2025-05-02,19:36:16,-07:00,2025-05-02T19:36:16-07:00,0,36
style.css,282,css,93d97741,Diego Osborn,2025-05-02,19:36:16,-07:00,2025-05-02T19:36:16-07:00,0,0
style.css,283,css,93d97741,Diego Osborn,2025-05-02,19:36:16,-07:00,2025-05-02T19:36:16-07:00,0,0
style.css,284,css,93d97741,Diego Osborn,2025-05-02,19:36:16,-07:00,2025-05-02T19:36:16-07:00,0,33
style.css,285,css,93d97741,Diego Osborn,2025-05-02,19:36:16,-07:00,2025-05-02T19:36:16-07:00,0,29
style.css,286,css,93d97741,Diego Osborn,2025-05-02,19:36:16,-07:00,2025-05-02T19:36:16-07:00,0,0
style.css,287,css,93d97741,Diego Osborn,2025-05-02,19:36:16,-07:00,2025-05-02T19:36:16-07:00,0,0
style.css,288,css,93d97741,Diego Osborn,2025-05-02,19:36:16,-07:00,2025-05-02T19:36:16-07:00,0,22
style.css,289,css,5a0630c8,Diego Osborn,2025-04-26,11:25:28,-07:00,2025-04-26T11:25:28-07:00,0,17
style.css,290,css,93d97741,Diego Osborn,2025-05-02,19:36:16,-07:00,2025-05-02T19:36:16-07:00,0,57
style.css,291,css,93d97741,Diego Osborn,2025-05-02,19:36:16,-07:00,2025-05-02T19:36:16-07:00,0,18
style.css,292,css,93d97741,Diego Osborn,2025-05-02,19:36:16,-07:00,2025-05-02T19:36:16-07:00,0,21
style.css,293,css,93d97741,Diego Osborn,2025-05-02,19:36:16,-07:00,2025-05-02T19:36:16-07:00,0,0
style.css,294,css,93d97741,Diego Osborn,2025-05-02,19:36:16,-07:00,2025-05-02T19:36:16-07:00,0,0
style.css,295,css,93d97741,Diego Osborn,2025-05-02,19:36:16,-07:00,2025-05-02T19:36:16-07:00,0,18
style.css,296,css,93d97741,Diego Osborn,2025-05-02,19:36:16,-07:00,2025-05-02T19:36:16-07:00,0,13
style.css,297,css,93d97741,Diego Osborn,2025-05-02,19:36:16,-07:00,2025-05-02T19:36:16-07:00,0,19
style.css,298,css,93d97741,Diego Osborn,2025-05-02,19:36:16,-07:00,2025-05-02T19:36:16-07:00,0,10
style.css,299,css,93d97741,Diego Osborn,2025-05-02,19:36:16,-07:00,2025-05-02T19:36:16-07:00,0,17
style.css,300,css,93d97741,Diego Osborn,2025-05-02,19:36:16,-07:00,2025-05-02T19:36:16-07:00,0,15
style.css,301,css,93d97741,Diego Osborn,2025-05-02,19:36:16,-07:00,2025-05-02T19:36:16-07:00,0,0
style.css,302,css,93d97741,Diego Osborn,2025-05-02,19:36:16,-07:00,2025-05-02T19:36:16-07:00,0,0
style.css,303,css,93d97741,Diego Osborn,2025-05-02,19:36:16,-07:00,2025-05-02T19:36:16-07:00,0,24
style.css,304,css,93d97741,Diego Osborn,2025-05-02,19:36:16,-07:00,2025-05-02T19:36:16-07:00,0,17
style.css,305,css,93d97741,Diego Osborn,2025-05-02,19:36:16,-07:00,2025-05-02T19:36:16-07:00,0,15
style.css,306,css,93d97741,Diego Osborn,2025-05-02,19:36:16,-07:00,2025-05-02T19:36:16-07:00,0,0
style.css,307,css,93d97741,Diego Osborn,2025-05-02,19:36:16,-07:00,2025-05-02T19:36:16-07:00,0,0
style.css,308,css,93d97741,Diego Osborn,2025-05-02,19:36:16,-07:00,2025-05-02T19:36:16-07:00,0,11
style.css,309,css,93d97741,Diego Osborn,2025-05-02,19:36:16,-07:00,2025-05-02T19:36:16-07:00,0,15
style.css,310,css,93d97741,Diego Osborn,2025-05-02,19:36:16,-07:00,2025-05-02T19:36:16-07:00,0,15
style.css,311,css,93d97741,Diego Osborn,2025-05-02,19:36:16,-07:00,2025-05-02T19:36:16-07:00,0,15
style.css,312,css,93d97741,Diego Osborn,2025-05-02,19:36:16,-07:00,2025-05-02T19:36:16-07:00,0,19
style.css,313,css,93d97741,Diego Osborn,2025-05-02,19:36:16,-07:00,2025-05-02T19:36:16-07:00,0,20
style.css,314,css,93d97741,Diego Osborn,2025-05-02,19:36:16,-07:00,2025-05-02T19:36:16-07:00,0,37
style.css,315,css,93d97741,Diego Osborn,2025-05-02,19:36:16,-07:00,2025-05-02T19:36:16-07:00,0,24
style.css,316,css,93d97741,Diego Osborn,2025-05-02,19:36:16,-07:00,2025-05-02T19:36:16-07:00,0,17
style.css,317,css,5a0630c8,Diego Osborn,2025-04-26,11:25:28,-07:00,2025-04-26T11:25:28-07:00,0,0
style.css,318,css,5a0630c8,Diego Osborn,2025-04-26,11:25:28,-07:00,2025-04-26T11:25:28-07:00,0,0
style.css,319,css,aa473eb7,Diego Osborn,2025-05-06,15:38:55,-07:00,2025-05-06T15:38:55-07:00,0,8
style.css,320,css,aa473eb7,Diego Osborn,2025-05-06,15:38:55,-07:00,2025-05-06T15:38:55-07:00,0,15
style.css,321,css,aa473eb7,Diego Osborn,2025-05-06,15:38:55,-07:00,2025-05-06T15:38:55-07:00,0,14
style.css,322,css,aa473eb7,Diego Osborn,2025-05-06,15:38:55,-07:00,2025-05-06T15:38:55-07:00,0,19
style.css,323,css,aa473eb7,Diego Osborn,2025-05-06,15:38:55,-07:00,2025-05-06T15:38:55-07:00,0,0
style.css,324,css,aa473eb7,Diego Osborn,2025-05-06,15:38:55,-07:00,2025-05-06T15:38:55-07:00,0,0
style.css,325,css,aa473eb7,Diego Osborn,2025-05-06,15:38:55,-07:00,2025-05-06T15:38:55-07:00,0,16
style.css,326,css,aa473eb7,Diego Osborn,2025-05-06,15:38:55,-07:00,2025-05-06T15:38:55-07:00,0,20
style.css,327,css,aa473eb7,Diego Osborn,2025-05-06,15:38:55,-07:00,2025-05-06T15:38:55-07:00,0,0
style.css,328,css,aa473eb7,Diego Osborn,2025-05-06,15:38:55,-07:00,2025-05-06T15:38:55-07:00,0,0
style.css,329,css,aa473eb7,Diego Osborn,2025-05-06,15:38:55,-07:00,2025-05-06T15:38:55-07:00,0,21
style.css,330,css,aa473eb7,Diego Osborn,2025-05-06,15:38:55,-07:00,2025-05-06T15:38:55-07:00,0,18
style.css,331,css,aa473eb7,Diego Osborn,2025-05-06,15:38:55,-07:00,2025-05-06T15:38:55-07:00,0,20
style.css,332,css,aa473eb7,Diego Osborn,2025-05-06,15:38:55,-07:00,2025-05-06T15:38:55-07:00,0,44
style.css,333,css,aa473eb7,Diego Osborn,2025-05-06,15:38:55,-07:00,2025-05-06T15:38:55-07:00,0,22
style.css,334,css,aa473eb7,Diego Osborn,2025-05-06,15:38:55,-07:00,2025-05-06T15:38:55-07:00,0,0
style.css,335,css,aa473eb7,Diego Osborn,2025-05-06,15:38:55,-07:00,2025-05-06T15:38:55-07:00,0,0
style.css,336,css,aa473eb7,Diego Osborn,2025-05-06,15:38:55,-07:00,2025-05-06T15:38:55-07:00,0,7
style.css,337,css,aa473eb7,Diego Osborn,2025-05-06,15:38:55,-07:00,2025-05-06T15:38:55-07:00,0,42
style.css,338,css,aa473eb7,Diego Osborn,2025-05-06,15:38:55,-07:00,2025-05-06T15:38:55-07:00,0,17
style.css,339,css,aa473eb7,Diego Osborn,2025-05-06,15:38:55,-07:00,2025-05-06T15:38:55-07:00,0,20
style.css,340,css,aa473eb7,Diego Osborn,2025-05-06,15:38:55,-07:00,2025-05-06T15:38:55-07:00,0,0
style.css,341,css,aa473eb7,Diego Osborn,2025-05-06,15:38:55,-07:00,2025-05-06T15:38:55-07:00,0,0
style.css,342,css,aa473eb7,Diego Osborn,2025-05-06,15:38:55,-07:00,2025-05-06T15:38:55-07:00,0,14
style.css,343,css,aa473eb7,Diego Osborn,2025-05-06,15:38:55,-07:00,2025-05-06T15:38:55-07:00,0,13
style.css,344,css,aa473eb7,Diego Osborn,2025-05-06,15:38:55,-07:00,2025-05-06T15:38:55-07:00,0,30
style.css,345,css,aa473eb7,Diego Osborn,2025-05-06,15:38:55,-07:00,2025-05-06T15:38:55-07:00,0,21
style.css,346,css,aa473eb7,Diego Osborn,2025-05-06,15:38:55,-07:00,2025-05-06T15:38:55-07:00,0,8
style.css,347,css,aa473eb7,Diego Osborn,2025-05-06,15:38:55,-07:00,2025-05-06T15:38:55-07:00,0,15
style.css,348,css,aa473eb7,Diego Osborn,2025-05-06,15:38:55,-07:00,2025-05-06T15:38:55-07:00,0,18
style.css,349,css,aa473eb7,Diego Osborn,2025-05-06,15:38:55,-07:00,2025-05-06T15:38:55-07:00,0,16
style.css,350,css,aa473eb7,Diego Osborn,2025-05-06,15:38:55,-07:00,2025-05-06T15:38:55-07:00,0,17
style.css,351,css,aa473eb7,Diego Osborn,2025-05-06,15:38:55,-07:00,2025-05-06T15:38:55-07:00,0,0
style.css,352,css,aa473eb7,Diego Osborn,2025-05-06,15:38:55,-07:00,2025-05-06T15:38:55-07:00,0,0
style.css,353,css,aa473eb7,Diego Osborn,2025-05-06,15:38:55,-07:00,2025-05-06T15:38:55-07:00,0,27
style.css,354,css,aa473eb7,Diego Osborn,2025-05-06,15:38:55,-07:00,2025-05-06T15:38:55-07:00,0,26
style.css,355,css,aa473eb7,Diego Osborn,2025-05-06,15:38:55,-07:00,2025-05-06T15:38:55-07:00,0,21
style.css,356,css,aa473eb7,Diego Osborn,2025-05-06,15:38:55,-07:00,2025-05-06T15:38:55-07:00,0,21
style.css,357,css,aa473eb7,Diego Osborn,2025-05-06,15:38:55,-07:00,2025-05-06T15:38:55-07:00,0,18
style.css,358,css,aa473eb7,Diego Osborn,2025-05-06,15:38:55,-07:00,2025-05-06T15:38:55-07:00,0,17
style.css,359,css,aa473eb7,Diego Osborn,2025-05-06,15:38:55,-07:00,2025-05-06T15:38:55-07:00,0,0
style.css,360,css,aa473eb7,Diego Osborn,2025-05-06,15:38:55,-07:00,2025-05-06T15:38:55-07:00,0,0
style.css,361,css,aa473eb7,Diego Osborn,2025-05-06,15:38:55,-07:00,2025-05-06T15:38:55-07:00,0,9
style.css,362,css,aa473eb7,Diego Osborn,2025-05-06,15:38:55,-07:00,2025-05-06T15:38:55-07:00,0,19
style.css,363,css,aa473eb7,Diego Osborn,2025-05-06,15:38:55,-07:00,2025-05-06T15:38:55-07:00,0,16
style.css,364,css,aa473eb7,Diego Osborn,2025-05-06,15:38:55,-07:00,2025-05-06T15:38:55-07:00,0,0
style.css,365,css,aa473eb7,Diego Osborn,2025-05-06,15:38:55,-07:00,2025-05-06T15:38:55-07:00,0,0
style.css,366,css,aa473eb7,Diego Osborn,2025-05-06,15:38:55,-07:00,2025-05-06T15:38:55-07:00,0,11
style.css,367,css,aa473eb7,Diego Osborn,2025-05-06,15:38:55,-07:00,2025-05-06T15:38:55-07:00,0,15
style.css,368,css,aa473eb7,Diego Osborn,2025-05-06,15:38:55,-07:00,2025-05-06T15:38:55-07:00,0,15
style.css,369,css,aa473eb7,Diego Osborn,2025-05-06,15:38:55,-07:00,2025-05-06T15:38:55-07:00,0,21
style.css,370,css,aa473eb7,Diego Osborn,2025-05-06,15:38:55,-07:00,2025-05-06T15:38:55-07:00,0,0
style.css,371,css,aa473eb7,Diego Osborn,2025-05-06,15:38:55,-07:00,2025-05-06T15:38:55-07:00,0,0
style.css,372,css,aa473eb7,Diego Osborn,2025-05-06,15:38:55,-07:00,2025-05-06T15:38:55-07:00,0,14
style.css,373,css,aa473eb7,Diego Osborn,2025-05-06,15:38:55,-07:00,2025-05-06T15:38:55-07:00,0,17
style.css,374,css,aa473eb7,Diego Osborn,2025-05-06,15:38:55,-07:00,2025-05-06T15:38:55-07:00,0,13
style.css,375,css,aa473eb7,Diego Osborn,2025-05-06,15:38:55,-07:00,2025-05-06T15:38:55-07:00,0,15
style.css,376,css,aa473eb7,Diego Osborn,2025-05-06,15:38:55,-07:00,2025-05-06T15:38:55-07:00,0,10
style.css,377,css,aa473eb7,Diego Osborn,2025-05-06,15:38:55,-07:00,2025-05-06T15:38:55-07:00,0,0
style.css,378,css,aa473eb7,Diego Osborn,2025-05-06,15:38:55,-07:00,2025-05-06T15:38:55-07:00,0,0
style.css,379,css,aa473eb7,Diego Osborn,2025-05-06,15:38:55,-07:00,2025-05-06T15:38:55-07:00,0,5
style.css,380,css,aa473eb7,Diego Osborn,2025-05-06,15:38:55,-07:00,2025-05-06T15:38:55-07:00,0,37
style.css,381,css,aa473eb7,Diego Osborn,2025-05-06,15:38:55,-07:00,2025-05-06T15:38:55-07:00,0,12
style.css,382,css,aa473eb7,Diego Osborn,2025-05-06,15:38:55,-07:00,2025-05-06T15:38:55-07:00,0,18
style.css,383,css,aa473eb7,Diego Osborn,2025-05-06,15:38:55,-07:00,2025-05-06T15:38:55-07:00,0,20
style.css,384,css,aa473eb7,Diego Osborn,2025-05-06,15:38:55,-07:00,2025-05-06T15:38:55-07:00,0,20
style.css,385,css,aa473eb7,Diego Osborn,2025-05-06,15:38:55,-07:00,2025-05-06T15:38:55-07:00,0,16
style.css,386,css,aa473eb7,Diego Osborn,2025-05-06,15:38:55,-07:00,2025-05-06T15:38:55-07:00,0,19
style.css,387,css,aa473eb7,Diego Osborn,2025-05-06,15:38:55,-07:00,2025-05-06T15:38:55-07:00,0,0
style.css,388,css,aa473eb7,Diego Osborn,2025-05-06,15:38:55,-07:00,2025-05-06T15:38:55-07:00,0,0
style.css,389,css,ed9c635b,Diego Osborn,2025-05-07,01:00:40,-07:00,2025-05-07T01:00:40-07:00,0,22
style.css,390,css,ed9c635b,Diego Osborn,2025-05-07,01:00:40,-07:00,2025-05-07T01:00:40-07:00,0,23
style.css,391,css,ed9c635b,Diego Osborn,2025-05-07,01:00:40,-07:00,2025-05-07T01:00:40-07:00,0,14
style.css,392,css,ed9c635b,Diego Osborn,2025-05-07,01:00:40,-07:00,2025-05-07T01:00:40-07:00,0,21
style.css,393,css,ed9c635b,Diego Osborn,2025-05-07,01:00:40,-07:00,2025-05-07T01:00:40-07:00,0,44
style.css,394,css,ed9c635b,Diego Osborn,2025-05-07,01:00:40,-07:00,2025-05-07T01:00:40-07:00,0,0
style.css,395,css,ed9c635b,Diego Osborn,2025-05-07,01:00:40,-07:00,2025-05-07T01:00:40-07:00,0,0
style.css,396,css,ed9c635b,Diego Osborn,2025-05-07,01:00:40,-07:00,2025-05-07T01:00:40-07:00,0,28
style.css,397,css,ed9c635b,Diego Osborn,2025-05-07,01:00:40,-07:00,2025-05-07T01:00:40-07:00,0,29
style.css,398,css,ed9c635b,Diego Osborn,2025-05-07,01:00:40,-07:00,2025-05-07T01:00:40-07:00,0,26
style.css,399,css,ed9c635b,Diego Osborn,2025-05-07,01:00:40,-07:00,2025-05-07T01:00:40-07:00,0,0
style.css,400,css,ed9c635b,Diego Osborn,2025-05-07,01:00:40,-07:00,2025-05-07T01:00:40-07:00,0,0
style.css,401,css,e49b21c2,Diego Osborn,2025-04-11,15:36:17,-07:00,2025-04-11T15:36:17-07:00,0,3
style.css,402,css,93d97741,Diego Osborn,2025-05-02,19:36:16,-07:00,2025-05-02T19:36:16-07:00,0,17
style.css,403,css,93d97741,Diego Osborn,2025-05-02,19:36:16,-07:00,2025-05-02T19:36:16-07:00,0,16
style.css,404,css,e49b21c2,Diego Osborn,2025-04-11,15:36:17,-07:00,2025-04-11T15:36:17-07:00,0,0
style.css,405,css,e49b21c2,Diego Osborn,2025-04-11,15:36:17,-07:00,2025-04-11T15:36:17-07:00,0,0
style.css,406,css,c8782049,Diego Osborn,2025-04-11,19:53:54,-07:00,2025-04-11T19:53:54-07:00,0,3
style.css,407,css,93d97741,Diego Osborn,2025-05-02,19:36:16,-07:00,2025-05-02T19:36:16-07:00,0,15
style.css,408,css,93d97741,Diego Osborn,2025-05-02,19:36:16,-07:00,2025-05-02T19:36:16-07:00,0,16
style.css,409,css,e49b21c2,Diego Osborn,2025-04-11,15:36:17,-07:00,2025-04-11T15:36:17-07:00,0,0
style.css,410,css,c8782049,Diego Osborn,2025-04-11,19:53:54,-07:00,2025-04-11T19:53:54-07:00,0,0
style.css,411,css,c8782049,Diego Osborn,2025-04-11,19:53:54,-07:00,2025-04-11T19:53:54-07:00,0,3
style.css,412,css,93d97741,Diego Osborn,2025-05-02,19:36:16,-07:00,2025-05-02T19:36:16-07:00,0,18
style.css,413,css,93d97741,Diego Osborn,2025-05-02,19:36:16,-07:00,2025-05-02T19:36:16-07:00,0,16
style.css,414,css,c8782049,Diego Osborn,2025-04-11,19:53:54,-07:00,2025-04-11T19:53:54-07:00,0,0
style.css,415,css,c8782049,Diego Osborn,2025-04-11,19:53:54,-07:00,2025-04-11T19:53:54-07:00,0,0
style.css,416,css,c8782049,Diego Osborn,2025-04-11,19:53:54,-07:00,2025-04-11T19:53:54-07:00,0,3
style.css,417,css,93d97741,Diego Osborn,2025-05-02,19:36:16,-07:00,2025-05-02T19:36:16-07:00,0,17
style.css,418,css,93d97741,Diego Osborn,2025-05-02,19:36:16,-07:00,2025-05-02T19:36:16-07:00,0,16
style.css,419,css,c8782049,Diego Osborn,2025-04-11,19:53:54,-07:00,2025-04-11T19:53:54-07:00,0,0
style.css,420,css,c8782049,Diego Osborn,2025-04-11,19:53:54,-07:00,2025-04-11T19:53:54-07:00,0,0
style.css,421,css,c8782049,Diego Osborn,2025-04-11,19:53:54,-07:00,2025-04-11T19:53:54-07:00,0,3
style.css,422,css,93d97741,Diego Osborn,2025-05-02,19:36:16,-07:00,2025-05-02T19:36:16-07:00,0,18
style.css,423,css,93d97741,Diego Osborn,2025-05-02,19:36:16,-07:00,2025-05-02T19:36:16-07:00,0,16
style.css,424,css,c8782049,Diego Osborn,2025-04-11,19:53:54,-07:00,2025-04-11T19:53:54-07:00,0,0
style.css,425,css,c8782049,Diego Osborn,2025-04-11,19:53:54,-07:00,2025-04-11T19:53:54-07:00,0,0
style.css,426,css,c8782049,Diego Osborn,2025-04-11,19:53:54,-07:00,2025-04-11T19:53:54-07:00,0,3
style.css,427,css,93d97741,Diego Osborn,2025-05-02,19:36:16,-07:00,2025-05-02T19:36:16-07:00,0,15
style.css,428,css,93d97741,Diego Osborn,2025-05-02,19:36:16,-07:00,2025-05-02T19:36:16-07:00,0,16
style.css,429,css,c8782049,Diego Osborn,2025-04-11,19:53:54,-07:00,2025-04-11T19:53:54-07:00,0,0
style.css,430,css,c8782049,Diego Osborn,2025-04-11,19:53:54,-07:00,2025-04-11T19:53:54-07:00,0,0
style.css,431,css,7eb82a7c,Diego Osborn,2025-04-11,19:59:29,-07:00,2025-04-11T19:59:29-07:00,0,1
style.css,432,css,7eb82a7c,Diego Osborn,2025-04-11,19:59:29,-07:00,2025-04-11T19:59:29-07:00,0,9
style.css,433,css,7eb82a7c,Diego Osborn,2025-04-11,19:59:29,-07:00,2025-04-11T19:59:29-07:00,0,9
style.css,434,css,93d97741,Diego Osborn,2025-05-02,19:36:16,-07:00,2025-05-02T19:36:16-07:00,0,22
style.css,435,css,7eb82a7c,Diego Osborn,2025-04-11,19:59:29,-07:00,2025-04-11T19:59:29-07:00,0,0
style.css,436,css,7eb82a7c,Diego Osborn,2025-04-11,19:59:29,-07:00,2025-04-11T19:59:29-07:00,0,0
style.css,437,css,93d97741,Diego Osborn,2025-05-02,19:36:16,-07:00,2025-05-02T19:36:16-07:00,0,48
style.css,438,css,93d97741,Diego Osborn,2025-05-02,19:36:16,-07:00,2025-05-02T19:36:16-07:00,0,47
index.js,1,js,5a0630c8,Diego Osborn,2025-04-26,11:25:28,-07:00,2025-04-26T11:25:28-07:00,0,72
index.js,2,js,5a0630c8,Diego Osborn,2025-04-26,11:25:28,-07:00,2025-04-26T11:25:28-07:00,0,0
index.js,3,js,5a0630c8,Diego Osborn,2025-04-26,11:25:28,-07:00,2025-04-26T11:25:28-07:00,0,39
index.js,4,js,5a0630c8,Diego Osborn,2025-04-26,11:25:28,-07:00,2025-04-26T11:25:28-07:00,0,55
index.js,5,js,5a0630c8,Diego Osborn,2025-04-26,11:25:28,-07:00,2025-04-26T11:25:28-07:00,0,43
index.js,6,js,5a0630c8,Diego Osborn,2025-04-26,11:25:28,-07:00,2025-04-26T11:25:28-07:00,0,0
index.js,7,js,5a0630c8,Diego Osborn,2025-04-26,11:25:28,-07:00,2025-04-26T11:25:28-07:00,0,61
index.js,8,js,5a0630c8,Diego Osborn,2025-04-26,11:25:28,-07:00,2025-04-26T11:25:28-07:00,0,55
index.js,9,js,5a0630c8,Diego Osborn,2025-04-26,11:25:28,-07:00,2025-04-26T11:25:28-07:00,0,0
index.js,10,js,5a0630c8,Diego Osborn,2025-04-26,11:25:28,-07:00,2025-04-26T11:25:28-07:00,0,52
index.js,11,js,5a0630c8,Diego Osborn,2025-04-26,11:25:28,-07:00,2025-04-26T11:25:28-07:00,0,39
index.js,12,js,5a0630c8,Diego Osborn,2025-04-26,11:25:28,-07:00,2025-04-26T11:25:28-07:00,0,0
index.js,13,js,5a0630c8,Diego Osborn,2025-04-26,11:25:28,-07:00,2025-04-26T11:25:28-07:00,0,61
index.js,14,js,5a0630c8,Diego Osborn,2025-04-26,11:25:28,-07:00,2025-04-26T11:25:28-07:00,0,18
index.js,15,js,5a0630c8,Diego Osborn,2025-04-26,11:25:28,-07:00,2025-04-26T11:25:28-07:00,0,25
index.js,16,js,5a0630c8,Diego Osborn,2025-04-26,11:25:28,-07:00,2025-04-26T11:25:28-07:00,0,3
index.js,17,js,5a0630c8,Diego Osborn,2025-04-26,11:25:28,-07:00,2025-04-26T11:25:28-07:00,0,49
index.js,18,js,5a0630c8,Diego Osborn,2025-04-26,11:25:28,-07:00,2025-04-26T11:25:28-07:00,0,49
index.js,19,js,5a0630c8,Diego Osborn,2025-04-26,11:25:28,-07:00,2025-04-26T11:25:28-07:00,0,55
index.js,20,js,5a0630c8,Diego Osborn,2025-04-26,11:25:28,-07:00,2025-04-26T11:25:28-07:00,0,4
index.js,21,js,5a0630c8,Diego Osborn,2025-04-26,11:25:28,-07:00,2025-04-26T11:25:28-07:00,0,1
index.js,22,js,5a0630c8,Diego Osborn,2025-04-26,11:25:28,-07:00,2025-04-26T11:25:28-07:00,0,0
index.js,23,js,5a0630c8,Diego Osborn,2025-04-26,11:25:28,-07:00,2025-04-26T11:25:28-07:00,0,0
index.js,24,js,5a0630c8,Diego Osborn,2025-04-26,11:25:28,-07:00,2025-04-26T11:25:28-07:00,0,0
index.js,25,js,5a0630c8,Diego Osborn,2025-04-26,11:25:28,-07:00,2025-04-26T11:25:28-07:00,0,23
index.html,1,html,984d14cb,Diego Osborn,2025-04-04,20:41:05,-07:00,2025-04-04T20:41:05-07:00,0,14
index.html,2,html,984d14cb,Diego Osborn,2025-04-04,20:41:05,-07:00,2025-04-04T20:41:05-07:00,0,15
index.html,3,html,984d14cb,Diego Osborn,2025-04-04,20:41:05,-07:00,2025-04-04T20:41:05-07:00,0,5
index.html,4,html,f179a574,Diego Osborn,2025-04-11,13:49:14,-07:00,2025-04-11T13:49:14-07:00,0,21
index.html,5,html,f179a574,Diego Osborn,2025-04-11,13:49:14,-07:00,2025-04-11T13:49:14-07:00,0,69
index.html,6,html,9acccc71,Diego Osborn,2025-04-11,13:40:34,-07:00,2025-04-11T13:40:34-07:00,0,55
index.html,7,html,f179a574,Diego Osborn,2025-04-11,13:49:14,-07:00,2025-04-11T13:49:14-07:00,0,39
index.html,8,html,984d14cb,Diego Osborn,2025-04-04,20:41:05,-07:00,2025-04-04T20:41:05-07:00,0,6
index.html,9,html,f179a574,Diego Osborn,2025-04-11,13:49:14,-07:00,2025-04-11T13:49:14-07:00,0,5
index.html,10,html,9acccc71,Diego Osborn,2025-04-11,13:40:34,-07:00,2025-04-11T13:40:34-07:00,0,20
index.html,11,html,4dd63948,Diego Osborn,2025-04-18,16:10:31,-07:00,2025-04-18T16:10:31-07:00,0,71
index.html,12,html,aa473eb7,Diego Osborn,2025-05-06,15:38:55,-07:00,2025-05-06T15:38:55-07:00,0,0
index.html,13,html,aa473eb7,Diego Osborn,2025-05-06,15:38:55,-07:00,2025-05-06T15:38:55-07:00,0,19
index.html,14,html,aa473eb7,Diego Osborn,2025-05-06,15:38:55,-07:00,2025-05-06T15:38:55-07:00,0,2
index.html,15,html,aa473eb7,Diego Osborn,2025-05-06,15:38:55,-07:00,2025-05-06T15:38:55-07:00,0,118
index.html,16,html,aa473eb7,Diego Osborn,2025-05-06,15:38:55,-07:00,2025-05-06T15:38:55-07:00,0,0
index.html,17,html,aa473eb7,Diego Osborn,2025-05-06,15:38:55,-07:00,2025-05-06T15:38:55-07:00,0,170
index.html,18,html,aa473eb7,Diego Osborn,2025-05-06,15:38:55,-07:00,2025-05-06T15:38:55-07:00,0,80
index.html,19,html,aa473eb7,Diego Osborn,2025-05-06,15:38:55,-07:00,2025-05-06T15:38:55-07:00,0,0
index.html,20,html,aa473eb7,Diego Osborn,2025-05-06,15:38:55,-07:00,2025-05-06T15:38:55-07:00,0,143
index.html,21,html,aa473eb7,Diego Osborn,2025-05-06,15:38:55,-07:00,2025-05-06T15:38:55-07:00,0,156
index.html,22,html,aa473eb7,Diego Osborn,2025-05-06,15:38:55,-07:00,2025-05-06T15:38:55-07:00,0,3
index.html,23,html,aa473eb7,Diego Osborn,2025-05-06,15:38:55,-07:00,2025-05-06T15:38:55-07:00,0,5
index.html,24,html,aa473eb7,Diego Osborn,2025-05-06,15:38:55,-07:00,2025-05-06T15:38:55-07:00,0,0
index.html,25,html,5a0630c8,Diego Osborn,2025-04-26,11:25:28,-07:00,2025-04-26T11:25:28-07:00,0,23
index.html,26,html,5a0630c8,Diego Osborn,2025-04-26,11:25:28,-07:00,2025-04-26T11:25:28-07:00,0,27
index.html,27,html,5a0630c8,Diego Osborn,2025-04-26,11:25:28,-07:00,2025-04-26T11:25:28-07:00,0,0
index.html,28,html,5a0630c8,Diego Osborn,2025-04-26,11:25:28,-07:00,2025-04-26T11:25:28-07:00,0,23
index.html,29,html,5a0630c8,Diego Osborn,2025-04-26,11:25:28,-07:00,2025-04-26T11:25:28-07:00,0,29
index.html,30,html,aa473eb7,Diego Osborn,2025-05-06,15:38:55,-07:00,2025-05-06T15:38:55-07:00,0,0
index.html,31,html,5a0630c8,Diego Osborn,2025-04-26,11:25:28,-07:00,2025-04-26T11:25:28-07:00,0,52
index.html,32,html,5a0630c8,Diego Osborn,2025-04-26,11:25:28,-07:00,2025-04-26T11:25:28-07:00,0,51
index.html,33,html,984d14cb,Diego Osborn,2025-04-04,20:41:05,-07:00,2025-04-04T20:41:05-07:00,0,6
index.html,34,html,984d14cb,Diego Osborn,2025-04-04,20:41:05,-07:00,2025-04-04T20:41:05-07:00,0,6
global.js,1,js,3a9182cc,Diego Osborn,2025-04-18,14:10:58,-07:00,2025-04-18T14:10:58-07:00,0,26
global.js,2,js,3a9182cc,Diego Osborn,2025-04-18,14:10:58,-07:00,2025-04-18T14:10:58-07:00,0,0
global.js,3,js,3a9182cc,Diego Osborn,2025-04-18,14:10:58,-07:00,2025-04-18T14:10:58-07:00,0,42
global.js,4,js,3a9182cc,Diego Osborn,2025-04-18,14:10:58,-07:00,2025-04-18T14:10:58-07:00,0,53
global.js,5,js,3a9182cc,Diego Osborn,2025-04-18,14:10:58,-07:00,2025-04-18T14:10:58-07:00,0,0
global.js,6,js,3392da24,Diego Osborn,2025-04-18,14:32:02,-07:00,2025-04-18T14:32:02-07:00,0,0
global.js,7,js,3392da24,Diego Osborn,2025-04-18,14:32:02,-07:00,2025-04-18T14:32:02-07:00,0,12
global.js,8,js,a9ace12e,Diego Osborn,2025-04-18,14:35:38,-07:00,2025-04-18T14:35:38-07:00,0,26
global.js,9,js,a9ace12e,Diego Osborn,2025-04-18,14:35:38,-07:00,2025-04-18T14:35:38-07:00,0,39
global.js,10,js,a9ace12e,Diego Osborn,2025-04-18,14:35:38,-07:00,2025-04-18T14:35:38-07:00,0,35
global.js,11,js,5a0630c8,Diego Osborn,2025-04-26,11:25:28,-07:00,2025-04-26T11:25:28-07:00,0,39
global.js,12,js,aa473eb7,Diego Osborn,2025-05-06,15:38:55,-07:00,2025-05-06T15:38:55-07:00,0,55
global.js,13,js,aa473eb7,Diego Osborn,2025-05-06,15:38:55,-07:00,2025-05-06T15:38:55-07:00,0,69
global.js,14,js,a9ace12e,Diego Osborn,2025-04-18,14:35:38,-07:00,2025-04-18T14:35:38-07:00,0,1
global.js,15,js,a9ace12e,Diego Osborn,2025-04-18,14:35:38,-07:00,2025-04-18T14:35:38-07:00,0,0
global.js,16,js,a9ace12e,Diego Osborn,2025-04-18,14:35:38,-07:00,2025-04-18T14:35:38-07:00,0,89
global.js,17,js,a9ace12e,Diego Osborn,2025-04-18,14:35:38,-07:00,2025-04-18T14:35:38-07:00,0,4
global.js,18,js,a9ace12e,Diego Osborn,2025-04-18,14:35:38,-07:00,2025-04-18T14:35:38-07:00,0,15
global.js,19,js,a9ace12e,Diego Osborn,2025-04-18,14:35:38,-07:00,2025-04-18T14:35:38-07:00,0,0
global.js,20,js,a9ace12e,Diego Osborn,2025-04-18,14:35:38,-07:00,2025-04-18T14:35:38-07:00,0,39
global.js,21,js,a9ace12e,Diego Osborn,2025-04-18,14:35:38,-07:00,2025-04-18T14:35:38-07:00,0,26
global.js,22,js,a9ace12e,Diego Osborn,2025-04-18,14:35:38,-07:00,2025-04-18T14:35:38-07:00,0,0
global.js,23,js,a9ace12e,Diego Osborn,2025-04-18,14:35:38,-07:00,2025-04-18T14:35:38-07:00,0,21
global.js,24,js,a9ace12e,Diego Osborn,2025-04-18,14:35:38,-07:00,2025-04-18T14:35:38-07:00,0,18
global.js,25,js,a9ace12e,Diego Osborn,2025-04-18,14:35:38,-07:00,2025-04-18T14:35:38-07:00,0,19
global.js,26,js,a9ace12e,Diego Osborn,2025-04-18,14:35:38,-07:00,2025-04-18T14:35:38-07:00,0,66
global.js,27,js,4dd63948,Diego Osborn,2025-04-18,16:10:31,-07:00,2025-04-18T16:10:31-07:00,0,0
global.js,28,js,208f9b06,Diego Osborn,2025-04-18,14:42:30,-07:00,2025-04-18T14:42:30-07:00,0,51
global.js,29,js,208f9b06,Diego Osborn,2025-04-18,14:42:30,-07:00,2025-04-18T14:42:30-07:00,0,0
global.js,30,js,a9ace12e,Diego Osborn,2025-04-18,14:35:38,-07:00,2025-04-18T14:35:38-07:00,0,35
global.js,31,js,a9ace12e,Diego Osborn,2025-04-18,14:35:38,-07:00,2025-04-18T14:35:38-07:00,0,12
global.js,32,js,a9ace12e,Diego Osborn,2025-04-18,14:35:38,-07:00,2025-04-18T14:35:38-07:00,0,21
global.js,33,js,a9ace12e,Diego Osborn,2025-04-18,14:35:38,-07:00,2025-04-18T14:35:38-07:00,0,91
global.js,34,js,93d97741,Diego Osborn,2025-05-02,19:36:16,-07:00,2025-05-02T19:36:16-07:00,0,30
global.js,35,js,93d97741,Diego Osborn,2025-05-02,19:36:16,-07:00,2025-05-02T19:36:16-07:00,0,19
global.js,36,js,93d97741,Diego Osborn,2025-05-02,19:36:16,-07:00,2025-05-02T19:36:16-07:00,0,29
global.js,37,js,93d97741,Diego Osborn,2025-05-02,19:36:16,-07:00,2025-05-02T19:36:16-07:00,0,0
global.js,38,js,a9ace12e,Diego Osborn,2025-04-18,14:35:38,-07:00,2025-04-18T14:35:38-07:00,0,13
global.js,39,js,a9ace12e,Diego Osborn,2025-04-18,14:35:38,-07:00,2025-04-18T14:35:38-07:00,0,0
global.js,40,js,3392da24,Diego Osborn,2025-04-18,14:32:02,-07:00,2025-04-18T14:32:02-07:00,0,0
global.js,41,js,4dd63948,Diego Osborn,2025-04-18,16:10:31,-07:00,2025-04-18T16:10:31-07:00,0,32
global.js,42,js,5a0630c8,Diego Osborn,2025-04-26,11:25:28,-07:00,2025-04-26T11:25:28-07:00,0,11
global.js,43,js,5a0630c8,Diego Osborn,2025-04-26,11:25:28,-07:00,2025-04-26T11:25:28-07:00,0,0
global.js,44,js,5a0630c8,Diego Osborn,2025-04-26,11:25:28,-07:00,2025-04-26T11:25:28-07:00,0,27
global.js,45,js,5a0630c8,Diego Osborn,2025-04-26,11:25:28,-07:00,2025-04-26T11:25:28-07:00,0,5
global.js,46,js,5a0630c8,Diego Osborn,2025-04-26,11:25:28,-07:00,2025-04-26T11:25:28-07:00,0,25
global.js,47,js,5a0630c8,Diego Osborn,2025-04-26,11:25:28,-07:00,2025-04-26T11:25:28-07:00,0,44
global.js,48,js,5a0630c8,Diego Osborn,2025-04-26,11:25:28,-07:00,2025-04-26T11:25:28-07:00,0,35
global.js,49,js,5a0630c8,Diego Osborn,2025-04-26,11:25:28,-07:00,2025-04-26T11:25:28-07:00,0,33
global.js,50,js,5a0630c8,Diego Osborn,2025-04-26,11:25:28,-07:00,2025-04-26T11:25:28-07:00,0,8
global.js,51,js,5a0630c8,Diego Osborn,2025-04-26,11:25:28,-07:00,2025-04-26T11:25:28-07:00,0,7
global.js,52,js,5a0630c8,Diego Osborn,2025-04-26,11:25:28,-07:00,2025-04-26T11:25:28-07:00,0,0
global.js,53,js,5a0630c8,Diego Osborn,2025-04-26,11:25:28,-07:00,2025-04-26T11:25:28-07:00,0,1
global.js,54,js,5a0630c8,Diego Osborn,2025-04-26,11:25:28,-07:00,2025-04-26T11:25:28-07:00,0,0
global.js,55,js,5a0630c8,Diego Osborn,2025-04-26,11:25:28,-07:00,2025-04-26T11:25:28-07:00,0,54
global.js,56,js,5a0630c8,Diego Osborn,2025-04-26,11:25:28,-07:00,2025-04-26T11:25:28-07:00,0,0
global.js,57,js,5a0630c8,Diego Osborn,2025-04-26,11:25:28,-07:00,2025-04-26T11:25:28-07:00,0,37
global.js,58,js,5a0630c8,Diego Osborn,2025-04-26,11:25:28,-07:00,2025-04-26T11:25:28-07:00,0,71
global.js,59,js,5a0630c8,Diego Osborn,2025-04-26,11:25:28,-07:00,2025-04-26T11:25:28-07:00,0,26
global.js,60,js,5a0630c8,Diego Osborn,2025-04-26,11:25:28,-07:00,2025-04-26T11:25:28-07:00,0,48
global.js,61,js,5a0630c8,Diego Osborn,2025-04-26,11:25:28,-07:00,2025-04-26T11:25:28-07:00,0,0
global.js,62,js,5a0630c8,Diego Osborn,2025-04-26,11:25:28,-07:00,2025-04-26T11:25:28-07:00,0,0
global.js,63,js,5a0630c8,Diego Osborn,2025-04-26,11:25:28,-07:00,2025-04-26T11:25:28-07:00,0,35
global.js,64,js,5a0630c8,Diego Osborn,2025-04-26,11:25:28,-07:00,2025-04-26T11:25:28-07:00,0,40
global.js,65,js,5a0630c8,Diego Osborn,2025-04-26,11:25:28,-07:00,2025-04-26T11:25:28-07:00,0,7
global.js,66,js,5a0630c8,Diego Osborn,2025-04-26,11:25:28,-07:00,2025-04-26T11:25:28-07:00,0,28
global.js,67,js,5a0630c8,Diego Osborn,2025-04-26,11:25:28,-07:00,2025-04-26T11:25:28-07:00,0,0
global.js,68,js,5a0630c8,Diego Osborn,2025-04-26,11:25:28,-07:00,2025-04-26T11:25:28-07:00,0,0
global.js,69,js,5a0630c8,Diego Osborn,2025-04-26,11:25:28,-07:00,2025-04-26T11:25:28-07:00,0,50
global.js,70,js,5a0630c8,Diego Osborn,2025-04-26,11:25:28,-07:00,2025-04-26T11:25:28-07:00,0,36
global.js,71,js,5a0630c8,Diego Osborn,2025-04-26,11:25:28,-07:00,2025-04-26T11:25:28-07:00,0,25
global.js,72,js,5a0630c8,Diego Osborn,2025-04-26,11:25:28,-07:00,2025-04-26T11:25:28-07:00,0,36
global.js,73,js,5a0630c8,Diego Osborn,2025-04-26,11:25:28,-07:00,2025-04-26T11:25:28-07:00,0,2
global.js,74,js,5a0630c8,Diego Osborn,2025-04-26,11:25:28,-07:00,2025-04-26T11:25:28-07:00,0,0
global.js,75,js,5a0630c8,Diego Osborn,2025-04-26,11:25:28,-07:00,2025-04-26T11:25:28-07:00,0,37
global.js,76,js,5a0630c8,Diego Osborn,2025-04-26,11:25:28,-07:00,2025-04-26T11:25:28-07:00,0,4
global.js,77,js,5a0630c8,Diego Osborn,2025-04-26,11:25:28,-07:00,2025-04-26T11:25:28-07:00,0,33
global.js,78,js,5a0630c8,Diego Osborn,2025-04-26,11:25:28,-07:00,2025-04-26T11:25:28-07:00,0,18
global.js,79,js,5a0630c8,Diego Osborn,2025-04-26,11:25:28,-07:00,2025-04-26T11:25:28-07:00,0,67
global.js,80,js,5a0630c8,Diego Osborn,2025-04-26,11:25:28,-07:00,2025-04-26T11:25:28-07:00,0,0
global.js,81,js,5a0630c8,Diego Osborn,2025-04-26,11:25:28,-07:00,2025-04-26T11:25:28-07:00,0,34
global.js,82,js,5a0630c8,Diego Osborn,2025-04-26,11:25:28,-07:00,2025-04-26T11:25:28-07:00,0,11
global.js,83,js,5a0630c8,Diego Osborn,2025-04-26,11:25:28,-07:00,2025-04-26T11:25:28-07:00,0,16
global.js,84,js,5a0630c8,Diego Osborn,2025-04-26,11:25:28,-07:00,2025-04-26T11:25:28-07:00,0,60
global.js,85,js,5a0630c8,Diego Osborn,2025-04-26,11:25:28,-07:00,2025-04-26T11:25:28-07:00,0,0
global.js,86,js,5a0630c8,Diego Osborn,2025-04-26,11:25:28,-07:00,2025-04-26T11:25:28-07:00,0,0
global.js,87,js,5a0630c8,Diego Osborn,2025-04-26,11:25:28,-07:00,2025-04-26T11:25:28-07:00,0,0
global.js,88,js,5a0630c8,Diego Osborn,2025-04-26,11:25:28,-07:00,2025-04-26T11:25:28-07:00,0,80
global.js,89,js,5a0630c8,Diego Osborn,2025-04-26,11:25:28,-07:00,2025-04-26T11:25:28-07:00,0,30
global.js,90,js,5a0630c8,Diego Osborn,2025-04-26,11:25:28,-07:00,2025-04-26T11:25:28-07:00,0,66
global.js,91,js,5a0630c8,Diego Osborn,2025-04-26,11:25:28,-07:00,2025-04-26T11:25:28-07:00,0,6
global.js,92,js,4dd63948,Diego Osborn,2025-04-18,16:10:31,-07:00,2025-04-18T16:10:31-07:00,0,0
global.js,93,js,5a0630c8,Diego Osborn,2025-04-26,11:25:28,-07:00,2025-04-26T11:25:28-07:00,0,48
global.js,94,js,5a0630c8,Diego Osborn,2025-04-26,11:25:28,-07:00,2025-04-26T11:25:28-07:00,0,82
global.js,95,js,5a0630c8,Diego Osborn,2025-04-26,11:25:28,-07:00,2025-04-26T11:25:28-07:00,0,6
global.js,96,js,4dd63948,Diego Osborn,2025-04-18,16:10:31,-07:00,2025-04-18T16:10:31-07:00,0,0
global.js,97,js,5a0630c8,Diego Osborn,2025-04-26,11:25:28,-07:00,2025-04-26T11:25:28-07:00,0,36
global.js,98,js,5a0630c8,Diego Osborn,2025-04-26,11:25:28,-07:00,2025-04-26T11:25:28-07:00,0,76
global.js,99,js,5a0630c8,Diego Osborn,2025-04-26,11:25:28,-07:00,2025-04-26T11:25:28-07:00,0,19
global.js,100,js,5a0630c8,Diego Osborn,2025-04-26,11:25:28,-07:00,2025-04-26T11:25:28-07:00,0,0
global.js,101,js,5a0630c8,Diego Osborn,2025-04-26,11:25:28,-07:00,2025-04-26T11:25:28-07:00,0,0
global.js,102,js,5a0630c8,Diego Osborn,2025-04-26,11:25:28,-07:00,2025-04-26T11:25:28-07:00,0,31
global.js,103,js,5a0630c8,Diego Osborn,2025-04-26,11:25:28,-07:00,2025-04-26T11:25:28-07:00,0,0
global.js,104,js,5a0630c8,Diego Osborn,2025-04-26,11:25:28,-07:00,2025-04-26T11:25:28-07:00,0,27
global.js,105,js,5a0630c8,Diego Osborn,2025-04-26,11:25:28,-07:00,2025-04-26T11:25:28-07:00,0,60
global.js,106,js,5a0630c8,Diego Osborn,2025-04-26,11:25:28,-07:00,2025-04-26T11:25:28-07:00,0,6
global.js,107,js,5a0630c8,Diego Osborn,2025-04-26,11:25:28,-07:00,2025-04-26T11:25:28-07:00,0,0
global.js,108,js,5a0630c8,Diego Osborn,2025-04-26,11:25:28,-07:00,2025-04-26T11:25:28-07:00,0,0
global.js,109,js,5a0630c8,Diego Osborn,2025-04-26,11:25:28,-07:00,2025-04-26T11:25:28-07:00,0,30
global.js,110,js,5a0630c8,Diego Osborn,2025-04-26,11:25:28,-07:00,2025-04-26T11:25:28-07:00,0,49
global.js,111,js,5a0630c8,Diego Osborn,2025-04-26,11:25:28,-07:00,2025-04-26T11:25:28-07:00,0,20
global.js,112,js,ed9c635b,Diego Osborn,2025-05-07,01:00:40,-07:00,2025-05-07T01:00:40-07:00,0,16
global.js,113,js,ed9c635b,Diego Osborn,2025-05-07,01:00:40,-07:00,2025-05-07T01:00:40-07:00,0,13
global.js,114,js,ed9c635b,Diego Osborn,2025-05-07,01:00:40,-07:00,2025-05-07T01:00:40-07:00,0,91
global.js,115,js,ed9c635b,Diego Osborn,2025-05-07,01:00:40,-07:00,2025-05-07T01:00:40-07:00,0,37
global.js,116,js,ed9c635b,Diego Osborn,2025-05-07,01:00:40,-07:00,2025-05-07T01:00:40-07:00,0,17
global.js,117,js,cb13e1dc,Diego Osborn,2025-05-06,23:41:59,-07:00,2025-05-06T23:41:59-07:00,0,102
global.js,118,js,93d97741,Diego Osborn,2025-05-02,19:36:16,-07:00,2025-05-02T19:36:16-07:00,0,4
global.js,119,js,93d97741,Diego Osborn,2025-05-02,19:36:16,-07:00,2025-05-02T19:36:16-07:00,0,59
global.js,120,js,aa473eb7,Diego Osborn,2025-05-06,15:38:55,-07:00,2025-05-06T15:38:55-07:00,0,25
global.js,121,js,aa473eb7,Diego Osborn,2025-05-06,15:38:55,-07:00,2025-05-06T15:38:55-07:00,0,77
global.js,122,js,aa473eb7,Diego Osborn,2025-05-06,15:38:55,-07:00,2025-05-06T15:38:55-07:00,0,5
global.js,123,js,93d97741,Diego Osborn,2025-05-02,19:36:16,-07:00,2025-05-02T19:36:16-07:00,0,120
global.js,124,js,93d97741,Diego Osborn,2025-05-02,19:36:16,-07:00,2025-05-02T19:36:16-07:00,0,24
global.js,125,js,93d97741,Diego Osborn,2025-05-02,19:36:16,-07:00,2025-05-02T19:36:16-07:00,0,3
global.js,126,js,93d97741,Diego Osborn,2025-05-02,19:36:16,-07:00,2025-05-02T19:36:16-07:00,0,5
global.js,127,js,5a0630c8,Diego Osborn,2025-04-26,11:25:28,-07:00,2025-04-26T11:25:28-07:00,0,1
global.js,128,js,5a0630c8,Diego Osborn,2025-04-26,11:25:28,-07:00,2025-04-26T11:25:28-07:00,0,37
global.js,129,js,5a0630c8,Diego Osborn,2025-04-26,11:25:28,-07:00,2025-04-26T11:25:28-07:00,0,0
global.js,130,js,5a0630c8,Diego Osborn,2025-04-26,11:25:28,-07:00,2025-04-26T11:25:28-07:00,0,0
global.js,131,js,5a0630c8,Diego Osborn,2025-04-26,11:25:28,-07:00,2025-04-26T11:25:28-07:00,0,0
global.js,132,js,5a0630c8,Diego Osborn,2025-04-26,11:25:28,-07:00,2025-04-26T11:25:28-07:00,0,48
global.js,133,js,5a0630c8,Diego Osborn,2025-04-26,11:25:28,-07:00,2025-04-26T11:25:28-07:00,0,60
global.js,134,js,5a0630c8,Diego Osborn,2025-04-26,11:25:28,-07:00,2025-04-26T11:25:28-07:00,0,0
global.js,135,js,5a0630c8,Diego Osborn,2025-04-26,11:25:28,-07:00,2025-04-26T11:25:28-07:00,0,0
global.js,136,js,3392da24,Diego Osborn,2025-04-18,14:32:02,-07:00,2025-04-18T14:32:02-07:00,0,0
resume/index.html,1,html,2015a024,Diego Osborn,2025-04-04,21:18:14,-07:00,2025-04-04T21:18:14-07:00,0,14
resume/index.html,2,html,2015a024,Diego Osborn,2025-04-04,21:18:14,-07:00,2025-04-04T21:18:14-07:00,0,15
resume/index.html,3,html,2015a024,Diego Osborn,2025-04-04,21:18:14,-07:00,2025-04-04T21:18:14-07:00,0,5
resume/index.html,4,html,9acccc71,Diego Osborn,2025-04-11,13:40:34,-07:00,2025-04-11T13:40:34-07:00,0,21
resume/index.html,5,html,9acccc71,Diego Osborn,2025-04-11,13:40:34,-07:00,2025-04-11T13:40:34-07:00,0,69
resume/index.html,6,html,9acccc71,Diego Osborn,2025-04-11,13:40:34,-07:00,2025-04-11T13:40:34-07:00,0,20
resume/index.html,7,html,6e0c7ec3,Diego Osborn,2025-04-11,13:44:18,-07:00,2025-04-11T13:44:18-07:00,0,42
resume/index.html,8,html,2015a024,Diego Osborn,2025-04-04,21:18:14,-07:00,2025-04-04T21:18:14-07:00,0,6
resume/index.html,9,html,2015a024,Diego Osborn,2025-04-04,21:18:14,-07:00,2025-04-04T21:18:14-07:00,0,5
resume/index.html,10,html,9acccc71,Diego Osborn,2025-04-11,13:40:34,-07:00,2025-04-11T13:40:34-07:00,0,14
resume/index.html,11,html,aa473eb7,Diego Osborn,2025-05-06,15:38:55,-07:00,2025-05-06T15:38:55-07:00,0,0
resume/index.html,12,html,aa473eb7,Diego Osborn,2025-05-06,15:38:55,-07:00,2025-05-06T15:38:55-07:00,0,31
resume/index.html,13,html,aa473eb7,Diego Osborn,2025-05-06,15:38:55,-07:00,2025-05-06T15:38:55-07:00,0,17
resume/index.html,14,html,aa473eb7,Diego Osborn,2025-05-06,15:38:55,-07:00,2025-05-06T15:38:55-07:00,0,22
resume/index.html,15,html,aa473eb7,Diego Osborn,2025-05-06,15:38:55,-07:00,2025-05-06T15:38:55-07:00,0,24
resume/index.html,16,html,aa473eb7,Diego Osborn,2025-05-06,15:38:55,-07:00,2025-05-06T15:38:55-07:00,0,47
resume/index.html,17,html,aa473eb7,Diego Osborn,2025-05-06,15:38:55,-07:00,2025-05-06T15:38:55-07:00,0,51
resume/index.html,18,html,aa473eb7,Diego Osborn,2025-05-06,15:38:55,-07:00,2025-05-06T15:38:55-07:00,0,4
resume/index.html,19,html,aa473eb7,Diego Osborn,2025-05-06,15:38:55,-07:00,2025-05-06T15:38:55-07:00,0,2
resume/index.html,20,html,aa473eb7,Diego Osborn,2025-05-06,15:38:55,-07:00,2025-05-06T15:38:55-07:00,0,70
resume/index.html,21,html,aa473eb7,Diego Osborn,2025-05-06,15:38:55,-07:00,2025-05-06T15:38:55-07:00,0,93
resume/index.html,22,html,aa473eb7,Diego Osborn,2025-05-06,15:38:55,-07:00,2025-05-06T15:38:55-07:00,0,101
resume/index.html,23,html,aa473eb7,Diego Osborn,2025-05-06,15:38:55,-07:00,2025-05-06T15:38:55-07:00,0,73
resume/index.html,24,html,aa473eb7,Diego Osborn,2025-05-06,15:38:55,-07:00,2025-05-06T15:38:55-07:00,0,3
resume/index.html,25,html,aa473eb7,Diego Osborn,2025-05-06,15:38:55,-07:00,2025-05-06T15:38:55-07:00,0,9
resume/index.html,26,html,aa473eb7,Diego Osborn,2025-05-06,15:38:55,-07:00,2025-05-06T15:38:55-07:00,0,9
resume/index.html,27,html,aa473eb7,Diego Osborn,2025-05-06,15:38:55,-07:00,2025-05-06T15:38:55-07:00,0,0
resume/index.html,28,html,aa473eb7,Diego Osborn,2025-05-06,15:38:55,-07:00,2025-05-06T15:38:55-07:00,0,31
resume/index.html,29,html,aa473eb7,Diego Osborn,2025-05-06,15:38:55,-07:00,2025-05-06T15:38:55-07:00,0,18
resume/index.html,30,html,aa473eb7,Diego Osborn,2025-05-06,15:38:55,-07:00,2025-05-06T15:38:55-07:00,0,22
resume/index.html,31,html,aa473eb7,Diego Osborn,2025-05-06,15:38:55,-07:00,2025-05-06T15:38:55-07:00,0,24
resume/index.html,32,html,aa473eb7,Diego Osborn,2025-05-06,15:38:55,-07:00,2025-05-06T15:38:55-07:00,0,63
resume/index.html,33,html,aa473eb7,Diego Osborn,2025-05-06,15:38:55,-07:00,2025-05-06T15:38:55-07:00,0,50
resume/index.html,34,html,aa473eb7,Diego Osborn,2025-05-06,15:38:55,-07:00,2025-05-06T15:38:55-07:00,0,4
resume/index.html,35,html,aa473eb7,Diego Osborn,2025-05-06,15:38:55,-07:00,2025-05-06T15:38:55-07:00,0,2
resume/index.html,36,html,aa473eb7,Diego Osborn,2025-05-06,15:38:55,-07:00,2025-05-06T15:38:55-07:00,0,170
resume/index.html,37,html,aa473eb7,Diego Osborn,2025-05-06,15:38:55,-07:00,2025-05-06T15:38:55-07:00,0,0
resume/index.html,38,html,aa473eb7,Diego Osborn,2025-05-06,15:38:55,-07:00,2025-05-06T15:38:55-07:00,0,162
resume/index.html,39,html,aa473eb7,Diego Osborn,2025-05-06,15:38:55,-07:00,2025-05-06T15:38:55-07:00,0,0
resume/index.html,40,html,aa473eb7,Diego Osborn,2025-05-06,15:38:55,-07:00,2025-05-06T15:38:55-07:00,0,68
resume/index.html,41,html,aa473eb7,Diego Osborn,2025-05-06,15:38:55,-07:00,2025-05-06T15:38:55-07:00,0,84
resume/index.html,42,html,aa473eb7,Diego Osborn,2025-05-06,15:38:55,-07:00,2025-05-06T15:38:55-07:00,0,86
resume/index.html,43,html,aa473eb7,Diego Osborn,2025-05-06,15:38:55,-07:00,2025-05-06T15:38:55-07:00,0,0
resume/index.html,44,html,aa473eb7,Diego Osborn,2025-05-06,15:38:55,-07:00,2025-05-06T15:38:55-07:00,0,3
resume/index.html,45,html,aa473eb7,Diego Osborn,2025-05-06,15:38:55,-07:00,2025-05-06T15:38:55-07:00,0,9
resume/index.html,46,html,aa473eb7,Diego Osborn,2025-05-06,15:38:55,-07:00,2025-05-06T15:38:55-07:00,0,0
resume/index.html,47,html,aa473eb7,Diego Osborn,2025-05-06,15:38:55,-07:00,2025-05-06T15:38:55-07:00,0,22
resume/index.html,48,html,aa473eb7,Diego Osborn,2025-05-06,15:38:55,-07:00,2025-05-06T15:38:55-07:00,0,24
resume/index.html,49,html,aa473eb7,Diego Osborn,2025-05-06,15:38:55,-07:00,2025-05-06T15:38:55-07:00,0,64
resume/index.html,50,html,aa473eb7,Diego Osborn,2025-05-06,15:38:55,-07:00,2025-05-06T15:38:55-07:00,0,51
resume/index.html,51,html,aa473eb7,Diego Osborn,2025-05-06,15:38:55,-07:00,2025-05-06T15:38:55-07:00,0,4
resume/index.html,52,html,aa473eb7,Diego Osborn,2025-05-06,15:38:55,-07:00,2025-05-06T15:38:55-07:00,0,2
resume/index.html,53,html,aa473eb7,Diego Osborn,2025-05-06,15:38:55,-07:00,2025-05-06T15:38:55-07:00,0,122
resume/index.html,54,html,aa473eb7,Diego Osborn,2025-05-06,15:38:55,-07:00,2025-05-06T15:38:55-07:00,0,119
resume/index.html,55,html,aa473eb7,Diego Osborn,2025-05-06,15:38:55,-07:00,2025-05-06T15:38:55-07:00,0,112
resume/index.html,56,html,aa473eb7,Diego Osborn,2025-05-06,15:38:55,-07:00,2025-05-06T15:38:55-07:00,0,119
resume/index.html,57,html,aa473eb7,Diego Osborn,2025-05-06,15:38:55,-07:00,2025-05-06T15:38:55-07:00,0,3
resume/index.html,58,html,aa473eb7,Diego Osborn,2025-05-06,15:38:55,-07:00,2025-05-06T15:38:55-07:00,0,9
resume/index.html,59,html,aa473eb7,Diego Osborn,2025-05-06,15:38:55,-07:00,2025-05-06T15:38:55-07:00,0,0
resume/index.html,60,html,aa473eb7,Diego Osborn,2025-05-06,15:38:55,-07:00,2025-05-06T15:38:55-07:00,0,22
resume/index.html,61,html,aa473eb7,Diego Osborn,2025-05-06,15:38:55,-07:00,2025-05-06T15:38:55-07:00,0,24
resume/index.html,62,html,aa473eb7,Diego Osborn,2025-05-06,15:38:55,-07:00,2025-05-06T15:38:55-07:00,0,67
resume/index.html,63,html,aa473eb7,Diego Osborn,2025-05-06,15:38:55,-07:00,2025-05-06T15:38:55-07:00,0,51
resume/index.html,64,html,aa473eb7,Diego Osborn,2025-05-06,15:38:55,-07:00,2025-05-06T15:38:55-07:00,0,4
resume/index.html,65,html,aa473eb7,Diego Osborn,2025-05-06,15:38:55,-07:00,2025-05-06T15:38:55-07:00,0,2
resume/index.html,66,html,ed9c635b,Diego Osborn,2025-05-07,01:00:40,-07:00,2025-05-07T01:00:40-07:00,0,203
resume/index.html,67,html,aa473eb7,Diego Osborn,2025-05-06,15:38:55,-07:00,2025-05-06T15:38:55-07:00,0,3
resume/index.html,68,html,aa473eb7,Diego Osborn,2025-05-06,15:38:55,-07:00,2025-05-06T15:38:55-07:00,0,9
resume/index.html,69,html,aa473eb7,Diego Osborn,2025-05-06,15:38:55,-07:00,2025-05-06T15:38:55-07:00,0,9
resume/index.html,70,html,316fc552,Diego Osborn,2025-04-18,14:14:35,-07:00,2025-04-18T14:14:35-07:00,0,0
resume/index.html,71,html,aa473eb7,Diego Osborn,2025-05-06,15:38:55,-07:00,2025-05-06T15:38:55-07:00,0,31
resume/index.html,72,html,aa473eb7,Diego Osborn,2025-05-06,15:38:55,-07:00,2025-05-06T15:38:55-07:00,0,22
resume/index.html,73,html,aa473eb7,Diego Osborn,2025-05-06,15:38:55,-07:00,2025-05-06T15:38:55-07:00,0,22
resume/index.html,74,html,aa473eb7,Diego Osborn,2025-05-06,15:38:55,-07:00,2025-05-06T15:38:55-07:00,0,24
resume/index.html,75,html,aa473eb7,Diego Osborn,2025-05-06,15:38:55,-07:00,2025-05-06T15:38:55-07:00,0,71
resume/index.html,76,html,aa473eb7,Diego Osborn,2025-05-06,15:38:55,-07:00,2025-05-06T15:38:55-07:00,0,42
resume/index.html,77,html,aa473eb7,Diego Osborn,2025-05-06,15:38:55,-07:00,2025-05-06T15:38:55-07:00,0,4
resume/index.html,78,html,aa473eb7,Diego Osborn,2025-05-06,15:38:55,-07:00,2025-05-06T15:38:55-07:00,0,98
resume/index.html,79,html,aa473eb7,Diego Osborn,2025-05-06,15:38:55,-07:00,2025-05-06T15:38:55-07:00,0,9
resume/index.html,80,html,aa473eb7,Diego Osborn,2025-05-06,15:38:55,-07:00,2025-05-06T15:38:55-07:00,0,0
resume/index.html,81,html,aa473eb7,Diego Osborn,2025-05-06,15:38:55,-07:00,2025-05-06T15:38:55-07:00,0,22
resume/index.html,82,html,aa473eb7,Diego Osborn,2025-05-06,15:38:55,-07:00,2025-05-06T15:38:55-07:00,0,24
resume/index.html,83,html,aa473eb7,Diego Osborn,2025-05-06,15:38:55,-07:00,2025-05-06T15:38:55-07:00,0,53
resume/index.html,84,html,aa473eb7,Diego Osborn,2025-05-06,15:38:55,-07:00,2025-05-06T15:38:55-07:00,0,42
resume/index.html,85,html,aa473eb7,Diego Osborn,2025-05-06,15:38:55,-07:00,2025-05-06T15:38:55-07:00,0,4
resume/index.html,86,html,aa473eb7,Diego Osborn,2025-05-06,15:38:55,-07:00,2025-05-06T15:38:55-07:00,0,9
resume/index.html,87,html,aa473eb7,Diego Osborn,2025-05-06,15:38:55,-07:00,2025-05-06T15:38:55-07:00,0,0
resume/index.html,88,html,aa473eb7,Diego Osborn,2025-05-06,15:38:55,-07:00,2025-05-06T15:38:55-07:00,0,22
resume/index.html,89,html,aa473eb7,Diego Osborn,2025-05-06,15:38:55,-07:00,2025-05-06T15:38:55-07:00,0,24
resume/index.html,90,html,aa473eb7,Diego Osborn,2025-05-06,15:38:55,-07:00,2025-05-06T15:38:55-07:00,0,52
resume/index.html,91,html,aa473eb7,Diego Osborn,2025-05-06,15:38:55,-07:00,2025-05-06T15:38:55-07:00,0,42
resume/index.html,92,html,aa473eb7,Diego Osborn,2025-05-06,15:38:55,-07:00,2025-05-06T15:38:55-07:00,0,4
resume/index.html,93,html,aa473eb7,Diego Osborn,2025-05-06,15:38:55,-07:00,2025-05-06T15:38:55-07:00,0,9
resume/index.html,94,html,aa473eb7,Diego Osborn,2025-05-06,15:38:55,-07:00,2025-05-06T15:38:55-07:00,0,9
resume/index.html,95,html,aa473eb7,Diego Osborn,2025-05-06,15:38:55,-07:00,2025-05-06T15:38:55-07:00,0,0
resume/index.html,96,html,aa473eb7,Diego Osborn,2025-05-06,15:38:55,-07:00,2025-05-06T15:38:55-07:00,0,2
resume/index.html,97,html,aa473eb7,Diego Osborn,2025-05-06,15:38:55,-07:00,2025-05-06T15:38:55-07:00,0,39
resume/index.html,98,html,aa473eb7,Diego Osborn,2025-05-06,15:38:55,-07:00,2025-05-06T15:38:55-07:00,0,81
resume/index.html,99,html,aa473eb7,Diego Osborn,2025-05-06,15:38:55,-07:00,2025-05-06T15:38:55-07:00,0,3
resume/index.html,100,html,316fc552,Diego Osborn,2025-04-18,14:14:35,-07:00,2025-04-18T14:14:35-07:00,0,49
resume/index.html,101,html,2015a024,Diego Osborn,2025-04-04,21:18:14,-07:00,2025-04-04T21:18:14-07:00,0,6
resume/index.html,102,html,2015a024,Diego Osborn,2025-04-04,21:18:14,-07:00,2025-04-04T21:18:14-07:00,0,6
projects/projects.js,1,js,5a0630c8,Diego Osborn,2025-04-26,11:25:28,-07:00,2025-04-26T11:25:28-07:00,0,56
projects/projects.js,2,js,93d97741,Diego Osborn,2025-05-02,19:36:16,-07:00,2025-05-02T19:36:16-07:00,0,64
projects/projects.js,3,js,5a0630c8,Diego Osborn,2025-04-26,11:25:28,-07:00,2025-04-26T11:25:28-07:00,0,0
projects/projects.js,4,js,93d97741,Diego Osborn,2025-05-02,19:36:16,-07:00,2025-05-02T19:36:16-07:00,0,22
projects/projects.js,5,js,93d97741,Diego Osborn,2025-05-02,19:36:16,-07:00,2025-05-02T19:36:16-07:00,0,20
projects/projects.js,6,js,93d97741,Diego Osborn,2025-05-02,19:36:16,-07:00,2025-05-02T19:36:16-07:00,0,14
projects/projects.js,7,js,93d97741,Diego Osborn,2025-05-02,19:36:16,-07:00,2025-05-02T19:36:16-07:00,0,0
projects/projects.js,8,js,93d97741,Diego Osborn,2025-05-02,19:36:16,-07:00,2025-05-02T19:36:16-07:00,0,26
projects/projects.js,9,js,93d97741,Diego Osborn,2025-05-02,19:36:16,-07:00,2025-05-02T19:36:16-07:00,0,37
projects/projects.js,10,js,93d97741,Diego Osborn,2025-05-02,19:36:16,-07:00,2025-05-02T19:36:16-07:00,0,62
projects/projects.js,11,js,93d97741,Diego Osborn,2025-05-02,19:36:16,-07:00,2025-05-02T19:36:16-07:00,0,43
projects/projects.js,12,js,93d97741,Diego Osborn,2025-05-02,19:36:16,-07:00,2025-05-02T19:36:16-07:00,0,2
projects/projects.js,13,js,93d97741,Diego Osborn,2025-05-02,19:36:16,-07:00,2025-05-02T19:36:16-07:00,0,0
projects/projects.js,14,js,93d97741,Diego Osborn,2025-05-02,19:36:16,-07:00,2025-05-02T19:36:16-07:00,0,0
projects/projects.js,15,js,93d97741,Diego Osborn,2025-05-02,19:36:16,-07:00,2025-05-02T19:36:16-07:00,0,39
projects/projects.js,16,js,93d97741,Diego Osborn,2025-05-02,19:36:16,-07:00,2025-05-02T19:36:16-07:00,0,72
projects/projects.js,17,js,93d97741,Diego Osborn,2025-05-02,19:36:16,-07:00,2025-05-02T19:36:16-07:00,0,48
projects/projects.js,18,js,93d97741,Diego Osborn,2025-05-02,19:36:16,-07:00,2025-05-02T19:36:16-07:00,0,11
projects/projects.js,19,js,93d97741,Diego Osborn,2025-05-02,19:36:16,-07:00,2025-05-02T19:36:16-07:00,0,11
projects/projects.js,20,js,93d97741,Diego Osborn,2025-05-02,19:36:16,-07:00,2025-05-02T19:36:16-07:00,0,3
projects/projects.js,21,js,93d97741,Diego Osborn,2025-05-02,19:36:16,-07:00,2025-05-02T19:36:16-07:00,0,0
projects/projects.js,22,js,93d97741,Diego Osborn,2025-05-02,19:36:16,-07:00,2025-05-02T19:36:16-07:00,0,80
projects/projects.js,23,js,93d97741,Diego Osborn,2025-05-02,19:36:16,-07:00,2025-05-02T19:36:16-07:00,0,95
projects/projects.js,24,js,93d97741,Diego Osborn,2025-05-02,19:36:16,-07:00,2025-05-02T19:36:16-07:00,0,51
projects/projects.js,25,js,93d97741,Diego Osborn,2025-05-02,19:36:16,-07:00,2025-05-02T19:36:16-07:00,0,36
projects/projects.js,26,js,93d97741,Diego Osborn,2025-05-02,19:36:16,-07:00,2025-05-02T19:36:16-07:00,0,0
projects/projects.js,27,js,93d97741,Diego Osborn,2025-05-02,19:36:16,-07:00,2025-05-02T19:36:16-07:00,0,42
projects/projects.js,28,js,93d97741,Diego Osborn,2025-05-02,19:36:16,-07:00,2025-05-02T19:36:16-07:00,0,18
projects/projects.js,29,js,93d97741,Diego Osborn,2025-05-02,19:36:16,-07:00,2025-05-02T19:36:16-07:00,0,19
projects/projects.js,30,js,93d97741,Diego Osborn,2025-05-02,19:36:16,-07:00,2025-05-02T19:36:16-07:00,0,34
projects/projects.js,31,js,93d97741,Diego Osborn,2025-05-02,19:36:16,-07:00,2025-05-02T19:36:16-07:00,0,45
projects/projects.js,32,js,93d97741,Diego Osborn,2025-05-02,19:36:16,-07:00,2025-05-02T19:36:16-07:00,0,0
projects/projects.js,33,js,93d97741,Diego Osborn,2025-05-02,19:36:16,-07:00,2025-05-02T19:36:16-07:00,0,27
projects/projects.js,34,js,93d97741,Diego Osborn,2025-05-02,19:36:16,-07:00,2025-05-02T19:36:16-07:00,0,0
projects/projects.js,35,js,93d97741,Diego Osborn,2025-05-02,19:36:16,-07:00,2025-05-02T19:36:16-07:00,0,20
projects/projects.js,36,js,93d97741,Diego Osborn,2025-05-02,19:36:16,-07:00,2025-05-02T19:36:16-07:00,0,13
projects/projects.js,37,js,93d97741,Diego Osborn,2025-05-02,19:36:16,-07:00,2025-05-02T19:36:16-07:00,0,12
projects/projects.js,38,js,93d97741,Diego Osborn,2025-05-02,19:36:16,-07:00,2025-05-02T19:36:16-07:00,0,23
projects/projects.js,39,js,93d97741,Diego Osborn,2025-05-02,19:36:16,-07:00,2025-05-02T19:36:16-07:00,0,38
projects/projects.js,40,js,93d97741,Diego Osborn,2025-05-02,19:36:16,-07:00,2025-05-02T19:36:16-07:00,0,22
projects/projects.js,41,js,93d97741,Diego Osborn,2025-05-02,19:36:16,-07:00,2025-05-02T19:36:16-07:00,0,65
projects/projects.js,42,js,93d97741,Diego Osborn,2025-05-02,19:36:16,-07:00,2025-05-02T19:36:16-07:00,0,32
projects/projects.js,43,js,93d97741,Diego Osborn,2025-05-02,19:36:16,-07:00,2025-05-02T19:36:16-07:00,0,21
projects/projects.js,44,js,93d97741,Diego Osborn,2025-05-02,19:36:16,-07:00,2025-05-02T19:36:16-07:00,0,52
projects/projects.js,45,js,93d97741,Diego Osborn,2025-05-02,19:36:16,-07:00,2025-05-02T19:36:16-07:00,0,10
projects/projects.js,46,js,93d97741,Diego Osborn,2025-05-02,19:36:16,-07:00,2025-05-02T19:36:16-07:00,0,2
projects/projects.js,47,js,93d97741,Diego Osborn,2025-05-02,19:36:16,-07:00,2025-05-02T19:36:16-07:00,0,0
projects/projects.js,48,js,93d97741,Diego Osborn,2025-05-02,19:36:16,-07:00,2025-05-02T19:36:16-07:00,0,35
projects/projects.js,49,js,93d97741,Diego Osborn,2025-05-02,19:36:16,-07:00,2025-05-02T19:36:16-07:00,0,30
projects/projects.js,50,js,5a0630c8,Diego Osborn,2025-04-26,11:25:28,-07:00,2025-04-26T11:25:28-07:00,0,0
projects/projects.js,51,js,93d97741,Diego Osborn,2025-05-02,19:36:16,-07:00,2025-05-02T19:36:16-07:00,0,21
projects/projects.js,52,js,93d97741,Diego Osborn,2025-05-02,19:36:16,-07:00,2025-05-02T19:36:16-07:00,0,10
projects/projects.js,53,js,93d97741,Diego Osborn,2025-05-02,19:36:16,-07:00,2025-05-02T19:36:16-07:00,0,10
projects/projects.js,54,js,93d97741,Diego Osborn,2025-05-02,19:36:16,-07:00,2025-05-02T19:36:16-07:00,0,85
projects/projects.js,55,js,93d97741,Diego Osborn,2025-05-02,19:36:16,-07:00,2025-05-02T19:36:16-07:00,0,48
projects/projects.js,56,js,93d97741,Diego Osborn,2025-05-02,19:36:16,-07:00,2025-05-02T19:36:16-07:00,0,74
projects/projects.js,57,js,93d97741,Diego Osborn,2025-05-02,19:36:16,-07:00,2025-05-02T19:36:16-07:00,0,26
projects/projects.js,58,js,93d97741,Diego Osborn,2025-05-02,19:36:16,-07:00,2025-05-02T19:36:16-07:00,0,44
projects/projects.js,59,js,93d97741,Diego Osborn,2025-05-02,19:36:16,-07:00,2025-05-02T19:36:16-07:00,0,10
projects/projects.js,60,js,93d97741,Diego Osborn,2025-05-02,19:36:16,-07:00,2025-05-02T19:36:16-07:00,0,2
projects/projects.js,61,js,93d97741,Diego Osborn,2025-05-02,19:36:16,-07:00,2025-05-02T19:36:16-07:00,0,0
projects/projects.js,62,js,93d97741,Diego Osborn,2025-05-02,19:36:16,-07:00,2025-05-02T19:36:16-07:00,0,0
projects/projects.js,63,js,93d97741,Diego Osborn,2025-05-02,19:36:16,-07:00,2025-05-02T19:36:16-07:00,0,20
projects/projects.js,64,js,93d97741,Diego Osborn,2025-05-02,19:36:16,-07:00,2025-05-02T19:36:16-07:00,0,69
projects/projects.js,65,js,93d97741,Diego Osborn,2025-05-02,19:36:16,-07:00,2025-05-02T19:36:16-07:00,0,0
projects/projects.js,66,js,93d97741,Diego Osborn,2025-05-02,19:36:16,-07:00,2025-05-02T19:36:16-07:00,0,41
projects/projects.js,67,js,93d97741,Diego Osborn,2025-05-02,19:36:16,-07:00,2025-05-02T19:36:16-07:00,0,26
projects/projects.js,68,js,93d97741,Diego Osborn,2025-05-02,19:36:16,-07:00,2025-05-02T19:36:16-07:00,0,69
projects/projects.js,69,js,93d97741,Diego Osborn,2025-05-02,19:36:16,-07:00,2025-05-02T19:36:16-07:00,0,75
projects/projects.js,70,js,93d97741,Diego Osborn,2025-05-02,19:36:16,-07:00,2025-05-02T19:36:16-07:00,0,47
projects/projects.js,71,js,93d97741,Diego Osborn,2025-05-02,19:36:16,-07:00,2025-05-02T19:36:16-07:00,0,0
projects/projects.js,72,js,93d97741,Diego Osborn,2025-05-02,19:36:16,-07:00,2025-05-02T19:36:16-07:00,0,18
projects/projects.js,73,js,93d97741,Diego Osborn,2025-05-02,19:36:16,-07:00,2025-05-02T19:36:16-07:00,0,69
projects/projects.js,74,js,93d97741,Diego Osborn,2025-05-02,19:36:16,-07:00,2025-05-02T19:36:16-07:00,0,0
projects/projects.js,75,js,93d97741,Diego Osborn,2025-05-02,19:36:16,-07:00,2025-05-02T19:36:16-07:00,0,0
projects/projects.js,76,js,5a0630c8,Diego Osborn,2025-04-26,11:25:28,-07:00,2025-04-26T11:25:28-07:00,0,0
projects/projects.js,77,js,5a0630c8,Diego Osborn,2025-04-26,11:25:28,-07:00,2025-04-26T11:25:28-07:00,0,63
projects/projects.js,78,js,93d97741,Diego Osborn,2025-05-02,19:36:16,-07:00,2025-05-02T19:36:16-07:00,0,105
projects/projects.js,79,js,93d97741,Diego Osborn,2025-05-02,19:36:16,-07:00,2025-05-02T19:36:16-07:00,0,0
projects/projects.js,80,js,93d97741,Diego Osborn,2025-05-02,19:36:16,-07:00,2025-05-02T19:36:16-07:00,0,74
projects/projects.js,81,js,5a0630c8,Diego Osborn,2025-04-26,11:25:28,-07:00,2025-04-26T11:25:28-07:00,0,0
projects/projects.js,82,js,93d97741,Diego Osborn,2025-05-02,19:36:16,-07:00,2025-05-02T19:36:16-07:00,0,50
projects/projects.js,83,js,93d97741,Diego Osborn,2025-05-02,19:36:16,-07:00,2025-05-02T19:36:16-07:00,0,30
projects/projects.js,84,js,5a0630c8,Diego Osborn,2025-04-26,11:25:28,-07:00,2025-04-26T11:25:28-07:00,0,0
projects/projects.js,85,js,5a0630c8,Diego Osborn,2025-04-26,11:25:28,-07:00,2025-04-26T11:25:28-07:00,0,0
projects/projects.js,86,js,93d97741,Diego Osborn,2025-05-02,19:36:16,-07:00,2025-05-02T19:36:16-07:00,0,30
projects/projects.js,87,js,93d97741,Diego Osborn,2025-05-02,19:36:16,-07:00,2025-05-02T19:36:16-07:00,0,53
projects/projects.js,88,js,93d97741,Diego Osborn,2025-05-02,19:36:16,-07:00,2025-05-02T19:36:16-07:00,0,10
projects/projects.js,89,js,93d97741,Diego Osborn,2025-05-02,19:36:16,-07:00,2025-05-02T19:36:16-07:00,0,0
projects/projects.js,90,js,93d97741,Diego Osborn,2025-05-02,19:36:16,-07:00,2025-05-02T19:36:16-07:00,0,0
projects/projects.js,91,js,93d97741,Diego Osborn,2025-05-02,19:36:16,-07:00,2025-05-02T19:36:16-07:00,0,52
projects/projects.js,92,js,93d97741,Diego Osborn,2025-05-02,19:36:16,-07:00,2025-05-02T19:36:16-07:00,0,56
projects/projects.js,93,js,93d97741,Diego Osborn,2025-05-02,19:36:16,-07:00,2025-05-02T19:36:16-07:00,0,47
projects/projects.js,94,js,93d97741,Diego Osborn,2025-05-02,19:36:16,-07:00,2025-05-02T19:36:16-07:00,0,26
projects/projects.js,95,js,93d97741,Diego Osborn,2025-05-02,19:36:16,-07:00,2025-05-02T19:36:16-07:00,0,54
projects/projects.js,96,js,93d97741,Diego Osborn,2025-05-02,19:36:16,-07:00,2025-05-02T19:36:16-07:00,0,2
projects/projects.js,97,js,93d97741,Diego Osborn,2025-05-02,19:36:16,-07:00,2025-05-02T19:36:16-07:00,0,0
projects/projects.js,98,js,93d97741,Diego Osborn,2025-05-02,19:36:16,-07:00,2025-05-02T19:36:16-07:00,0,14
projects/projects.js,99,js,93d97741,Diego Osborn,2025-05-02,19:36:16,-07:00,2025-05-02T19:36:16-07:00,0,2
projects/index.html,1,html,37177a3f,Diego Osborn,2025-04-11,13:55:25,-07:00,2025-04-11T13:55:25-07:00,0,14
projects/index.html,2,html,24c34abc,Diego Osborn,2025-04-04,20:59:34,-07:00,2025-04-04T20:59:34-07:00,0,15
projects/index.html,3,html,24c34abc,Diego Osborn,2025-04-04,20:59:34,-07:00,2025-04-04T20:59:34-07:00,0,5
projects/index.html,4,html,93d97741,Diego Osborn,2025-05-02,19:36:16,-07:00,2025-05-02T19:36:16-07:00,0,23
projects/index.html,5,html,93d97741,Diego Osborn,2025-05-02,19:36:16,-07:00,2025-05-02T19:36:16-07:00,0,71
projects/index.html,6,html,9acccc71,Diego Osborn,2025-04-11,13:40:34,-07:00,2025-04-11T13:40:34-07:00,0,22
projects/index.html,7,html,93d97741,Diego Osborn,2025-05-02,19:36:16,-07:00,2025-05-02T19:36:16-07:00,0,44
projects/index.html,8,html,24c34abc,Diego Osborn,2025-04-04,20:59:34,-07:00,2025-04-04T20:59:34-07:00,0,6
projects/index.html,9,html,24c34abc,Diego Osborn,2025-04-04,20:59:34,-07:00,2025-04-04T20:59:34-07:00,0,5
projects/index.html,10,html,93d97741,Diego Osborn,2025-05-02,19:36:16,-07:00,2025-05-02T19:36:16-07:00,0,5
projects/index.html,11,html,93d97741,Diego Osborn,2025-05-02,19:36:16,-07:00,2025-05-02T19:36:16-07:00,0,39
projects/index.html,12,html,93d97741,Diego Osborn,2025-05-02,19:36:16,-07:00,2025-05-02T19:36:16-07:00,0,0
projects/index.html,13,html,93d97741,Diego Osborn,2025-05-02,19:36:16,-07:00,2025-05-02T19:36:16-07:00,0,22
projects/index.html,14,html,93d97741,Diego Osborn,2025-05-02,19:36:16,-07:00,2025-05-02T19:36:16-07:00,0,59
projects/index.html,15,html,93d97741,Diego Osborn,2025-05-02,19:36:16,-07:00,2025-05-02T19:36:16-07:00,0,23
projects/index.html,16,html,93d97741,Diego Osborn,2025-05-02,19:36:16,-07:00,2025-05-02T19:36:16-07:00,0,5
projects/index.html,17,html,93d97741,Diego Osborn,2025-05-02,19:36:16,-07:00,2025-05-02T19:36:16-07:00,0,0
projects/index.html,18,html,93d97741,Diego Osborn,2025-05-02,19:36:16,-07:00,2025-05-02T19:36:16-07:00,0,29
projects/index.html,19,html,93d97741,Diego Osborn,2025-05-02,19:36:16,-07:00,2025-05-02T19:36:16-07:00,0,5
projects/index.html,20,html,93d97741,Diego Osborn,2025-05-02,19:36:16,-07:00,2025-05-02T19:36:16-07:00,0,16
projects/index.html,21,html,93d97741,Diego Osborn,2025-05-02,19:36:16,-07:00,2025-05-02T19:36:16-07:00,0,12
projects/index.html,22,html,93d97741,Diego Osborn,2025-05-02,19:36:16,-07:00,2025-05-02T19:36:16-07:00,0,27
projects/index.html,23,html,93d97741,Diego Osborn,2025-05-02,19:36:16,-07:00,2025-05-02T19:36:16-07:00,0,32
projects/index.html,24,html,93d97741,Diego Osborn,2025-05-02,19:36:16,-07:00,2025-05-02T19:36:16-07:00,0,1
projects/index.html,25,html,93d97741,Diego Osborn,2025-05-02,19:36:16,-07:00,2025-05-02T19:36:16-07:00,0,5
projects/index.html,26,html,93d97741,Diego Osborn,2025-05-02,19:36:16,-07:00,2025-05-02T19:36:16-07:00,0,0
projects/index.html,27,html,93d97741,Diego Osborn,2025-05-02,19:36:16,-07:00,2025-05-02T19:36:16-07:00,0,20
projects/index.html,28,html,93d97741,Diego Osborn,2025-05-02,19:36:16,-07:00,2025-05-02T19:36:16-07:00,0,27
projects/index.html,29,html,93d97741,Diego Osborn,2025-05-02,19:36:16,-07:00,2025-05-02T19:36:16-07:00,0,6
projects/index.html,30,html,93d97741,Diego Osborn,2025-05-02,19:36:16,-07:00,2025-05-02T19:36:16-07:00,0,0
projects/index.html,31,html,316fc552,Diego Osborn,2025-04-18,14:14:35,-07:00,2025-04-18T14:14:35-07:00,0,49
projects/index.html,32,html,93d97741,Diego Osborn,2025-05-02,19:36:16,-07:00,2025-05-02T19:36:16-07:00,0,50
projects/index.html,33,html,24c34abc,Diego Osborn,2025-04-04,20:59:34,-07:00,2025-04-04T20:59:34-07:00,0,6
projects/index.html,34,html,93d97741,Diego Osborn,2025-05-02,19:36:16,-07:00,2025-05-02T19:36:16-07:00,0,6
contacts/index.html,1,html,0d5c2725,Diego Osborn,2025-04-04,20:59:42,-07:00,2025-04-04T20:59:42-07:00,0,14
contacts/index.html,2,html,0d5c2725,Diego Osborn,2025-04-04,20:59:42,-07:00,2025-04-04T20:59:42-07:00,0,15
contacts/index.html,3,html,0d5c2725,Diego Osborn,2025-04-04,20:59:42,-07:00,2025-04-04T20:59:42-07:00,0,5
contacts/index.html,4,html,bab2aa57,Diego Osborn,2025-04-11,13:58:55,-07:00,2025-04-11T13:58:55-07:00,0,21
contacts/index.html,5,html,bab2aa57,Diego Osborn,2025-04-11,13:58:55,-07:00,2025-04-11T13:58:55-07:00,0,69
contacts/index.html,6,html,9acccc71,Diego Osborn,2025-04-11,13:40:34,-07:00,2025-04-11T13:40:34-07:00,0,22
contacts/index.html,7,html,bab2aa57,Diego Osborn,2025-04-11,13:58:55,-07:00,2025-04-11T13:58:55-07:00,0,42
contacts/index.html,8,html,0d5c2725,Diego Osborn,2025-04-04,20:59:42,-07:00,2025-04-04T20:59:42-07:00,0,6
contacts/index.html,9,html,0d5c2725,Diego Osborn,2025-04-04,20:59:42,-07:00,2025-04-04T20:59:42-07:00,0,5
contacts/index.html,10,html,3d4c1094,Diego Osborn,2025-04-11,19:47:08,-07:00,2025-04-11T19:47:08-07:00,0,15
contacts/index.html,11,html,3d4c1094,Diego Osborn,2025-04-11,19:47:08,-07:00,2025-04-11T19:47:08-07:00,0,75
contacts/index.html,12,html,3d4c1094,Diego Osborn,2025-04-11,19:47:08,-07:00,2025-04-11T19:47:08-07:00,0,6
contacts/index.html,13,html,3d4c1094,Diego Osborn,2025-04-11,19:47:08,-07:00,2025-04-11T19:47:08-07:00,0,5
contacts/index.html,14,html,3d4c1094,Diego Osborn,2025-04-11,19:47:08,-07:00,2025-04-11T19:47:08-07:00,0,41
contacts/index.html,15,html,3d4c1094,Diego Osborn,2025-04-11,19:47:08,-07:00,2025-04-11T19:47:08-07:00,0,7
contacts/index.html,16,html,3d4c1094,Diego Osborn,2025-04-11,19:47:08,-07:00,2025-04-11T19:47:08-07:00,0,6
contacts/index.html,17,html,3d4c1094,Diego Osborn,2025-04-11,19:47:08,-07:00,2025-04-11T19:47:08-07:00,0,7
contacts/index.html,18,html,3d4c1094,Diego Osborn,2025-04-11,19:47:08,-07:00,2025-04-11T19:47:08-07:00,0,42
contacts/index.html,19,html,3d4c1094,Diego Osborn,2025-04-11,19:47:08,-07:00,2025-04-11T19:47:08-07:00,0,7
contacts/index.html,20,html,3d4c1094,Diego Osborn,2025-04-11,19:47:08,-07:00,2025-04-11T19:47:08-07:00,0,6
contacts/index.html,21,html,3d4c1094,Diego Osborn,2025-04-11,19:47:08,-07:00,2025-04-11T19:47:08-07:00,0,7
contacts/index.html,22,html,3d4c1094,Diego Osborn,2025-04-11,19:47:08,-07:00,2025-04-11T19:47:08-07:00,0,50
contacts/index.html,23,html,3d4c1094,Diego Osborn,2025-04-11,19:47:08,-07:00,2025-04-11T19:47:08-07:00,0,7
contacts/index.html,24,html,3d4c1094,Diego Osborn,2025-04-11,19:47:08,-07:00,2025-04-11T19:47:08-07:00,0,22
contacts/index.html,25,html,9acccc71,Diego Osborn,2025-04-11,13:40:34,-07:00,2025-04-11T13:40:34-07:00,0,6
contacts/index.html,26,html,316fc552,Diego Osborn,2025-04-18,14:14:35,-07:00,2025-04-18T14:14:35-07:00,0,49
contacts/index.html,27,html,0d5c2725,Diego Osborn,2025-04-04,20:59:42,-07:00,2025-04-04T20:59:42-07:00,0,6
contacts/index.html,28,html,0d5c2725,Diego Osborn,2025-04-04,20:59:42,-07:00,2025-04-04T20:59:42-07:00,0,6
